name,image_url,filename
Abraji - AssociaÁ„o Brasileira de Jornalismo Investigativo,https://media-exp1.licdn.com/dms/image/C560BAQFOaPf9kBkweA/company-logo_200_200/0?e=1608163200&v=beta&t=-xEaK9XVy0zHd7mGScsbw-U048prGE-vjPYOcYLedMM,Abraji - AssociaÁ„o_Brasileira_de_Jornalismo_Investigativo,downloaded_images/abraji-associaá„o-brasileira-de-jornalismo-investigativo.png
Access Now,https://media-exp1.licdn.com/dms/image/C560BAQGaBWXrA9AgcA/company-logo_200_200/0?e=1608163200&v=beta&t=B1M0IVOD3jXwXzJ07G5vlUl0n5aE4Fh3ljjzsMBomds,Access_Now,downloaded_images/access-now.png
Accountability Counsel,https://media-exp1.licdn.com/dms/image/C560BAQHAWbELAzwaVw/company-logo_200_200/0?e=1608163200&v=beta&t=X007Tcr3QNpoy1RmKVMX1MA0yGqiXF8PuL0hdNbsklM,Accountability_Counsel,downloaded_images/accountability-counsel.jpeg
Africa Check SA,https://media-exp1.licdn.com/dms/image/C4D0BAQGhJsOCE1S5dw/company-logo_200_200/0?e=1608163200&v=beta&t=S3_tkOmokvGg6aZoLkZQkAJ6dcWN3-8txJXS4vLcPEc,Africa_Check_SA,downloaded_images/africa-check-sa.jpeg
All Out,https://media-exp1.licdn.com/dms/image/C4E0BAQF0luWQNUdtPA/company-logo_200_200/0?e=1608163200&v=beta&t=YAqJGH08VtF2TfiHfpe-aU0E8tWWLCpZdKKay_fcOds,All_Out,downloaded_images/all-out.png
Amalgamated Foundation: Emergent Fund,https://media-exp1.licdn.com/dms/image/C4E0BAQFxDUxjuLJi9g/company-logo_200_200/0?e=1608163200&v=beta&t=Vmf4ZnaqoT1VySN2-ld0gX6TOctNdo-5Nmh9JEf_k_M,Amalgamated_Foundation_Emergent_Fund,downloaded_images/amalgamated-foundation-emergent-fund.jpeg
Amalgamated Foundation: Families and Workers Fund,http://www.amalgamatedfoundation.org/sites/default/files/footer-logo_0.png,Amalgamated_Foundation_Families_and_Workers_Fund,downloaded_images/amalgamated-foundation-families-and-workers-fund.png
American Immigration Council: Justice Campaign,https://media-exp1.licdn.com/dms/image/C4E0BAQGB9-k2w44bOw/company-logo_200_200/0?e=1608163200&v=beta&t=LNEm6inSSbAqf_-I-JkB23TdwpJH1rqvYhVXRsJyQm4,American_Immigration_Council_Justice_Campaign,downloaded_images/american-immigration-council-justice-campaign.png
American University,https://media-exp1.licdn.com/dms/image/C560BAQE4K1MD6cCTjA/company-logo_200_200/0?e=1608163200&v=beta&t=woJBAxgC72x89l26mnb_0GnYXw1u6QPoLf52SAECGaE,American_University,downloaded_images/american-university.jpeg
Amnesty International: Amnesty Tech,https://media-exp1.licdn.com/dms/image/C510BAQEFUK8SBw_pkQ/company-logo_200_200/0?e=1608163200&v=beta&t=-ksjv59axFfPq80DY0L5GQKTc0Zbb8euivNUgmsCo5g,Amnesty_International_Amnesty_Tech,downloaded_images/amnesty-international-amnesty-tech.png
Anti-Defamation League: Center for Technology and Society,https://media-exp1.licdn.com/dms/image/C4D0BAQGIyJ5IqNqNJw/company-logo_200_200/0?e=1608163200&v=beta&t=5DWhpti0iWagcSTluI3Y7kU3l86r5nEah43vIr5OA3c,Anti-Defamation_League_Center_for_Technology_and_Society,downloaded_images/anti-defamation-league-center-for-technology-and-society.png
Aspen Kyiv Institute: Good Governance Program,https://media-exp1.licdn.com/dms/image/C560BAQFbPMD_tvCncA/company-logo_200_200/0?e=1608163200&v=beta&t=detGarUwj5knS7vg0ZAqGUczk72KlBvQQwtwcx3Ljik,Aspen_Kyiv_Institute_Good_Governance_Program,downloaded_images/aspen-kyiv-institute-good-governance-program.jpeg
"Association for Computing Machinery: Conference on Fairness, Accountability, and Transparency",https://media-exp1.licdn.com/dms/image/C4E0BAQFzhT4IRruUUg/company-logo_200_200/0?e=1608163200&v=beta&t=yNJyY_TBRZmV3YwCKo1m9sv1_Es1JegE57x1rrYvPS0,Association_for_Computing_Machinery_Conference_on_Fairness_ Accountability_ and_Transparency,downloaded_images/association-for-computing-machinery-conference-on-fairness-accountability-and-transparency.png
Avalanche,https://media-exp1.licdn.com/dms/image/C560BAQGVgxLfOShf9A/company-logo_200_200/0?e=1608163200&v=beta&t=OHsxWDyhe8OS605GObKAYYwNydkbjANSaz39PGAWWM0,Avalanche,downloaded_images/avalanche.jpeg
Avina Americas: ALTEC,https://altec.lat/wp-content/uploads/2017/02/Logo_Color_Altec.png,Avina_Americas_ALTEC,downloaded_images/avina-americas-altec.png
Black Stripe Foundation: Big Debate,https://elections.osf.org.za/wp-content/uploads/2019/04/Black-Stripe-Media-Foundation-the-big-debate-OSF-SA-grantee-Open-Society-Foundation-for-South-Africa-Grantee-Directory-400x213.jpg,Black_Stripe_Foundation_Big_Debate,downloaded_images/black-stripe-foundation-big-debate.jpeg
BudgIT,https://media-exp1.licdn.com/dms/image/C510BAQHloYI4JMStBw/company-logo_200_200/0?e=1608163200&v=beta&t=wvQjBENG5bZ49w6cj8Y8TqL3d2vXtXIL4O-bY_Qmhrk,BudgIT,downloaded_images/budgit.png
California Immigrant Policy Center (CIPC): Immigrant Strategic Messaging Project,https://caimmigrant.org/wp-content/uploads/2019/05/CIPC-Full-Square-Logo-Color-Orange-Grey.png,California_Immigrant_Policy_Center_(CIPC)_Immigrant_Strategic_Messaging_Project,downloaded_images/california-immigrant-policy-center-cipc-immigrant-strategic-messaging-project.png
Campaign Bootcamp,https://media-exp1.licdn.com/dms/image/C4D0BAQHw5zufbq69iQ/company-logo_200_200/0?e=1608163200&v=beta&t=0SWnZFi6H2Jmk4rGTsS5M7AFjngm6aFb2Z4xu4gmVvY,Campaign_Bootcamp,downloaded_images/campaign-bootcamp.png
Center for Cultural Power,https://www.culturalpower.org/static/images/logos/logo-multicolor-text-white.svg,Center_for_Cultural_Power,downloaded_images/center-for-cultural-power.svg
"Center for Democracy, Development and the Rule of Law (CDDRL)",https://media-exp1.licdn.com/dms/image/C4E0BAQFR5mii-iL7yw/company-logo_200_200/0?e=1608163200&v=beta&t=alRVGEM8ANg--pYla30LJ6X17vGkGS5NDgVupX3b7vY,Center_for_Democracy_Development_and_the_Rule_of_Law_(CDDRL),downloaded_images/center-for-democracy-development-and-the-rule-of-law-cddrl.png
Center for New American Security (CNAS),https://media-exp1.licdn.com/dms/image/C560BAQGNXOINajE5WQ/company-logo_200_200/0?e=1608163200&v=beta&t=aCbvKnAtVRDmkVW6IXCJP9wgX9406XudvJcJdi6yZZw,Center_for_New_American_Security_(CNAS),downloaded_images/center-for-new-american-security-cnas.png
Change.org,https://media-exp1.licdn.com/dms/image/C4E0BAQFSkSrvACRYUw/company-logo_200_200/0?e=1608163200&v=beta&t=khdAZEtPsTP79ijZWpN9n-C8tMvoTZU-gbnYTP8gaaE,Change_org,downloaded_images/change-org.png
Chequeado,https://media-exp1.licdn.com/dms/image/C4D0BAQGaMow7RLnslA/company-logo_200_200/0?e=1608163200&v=beta&t=6NPDROIHti7-UNL5XpkbHeHxKeVfubLiJb8Q9R34Lo8,Chequeado,downloaded_images/chequeado.jpeg
Civic Hall,https://civichall.org/wp-content/themes/civic-hall/images/ch-logo-hi.png,Civic_Hall,downloaded_images/civic-hall.png
Civix,https://media-exp1.licdn.com/dms/image/C4D0BAQFK6RHjRLJQoA/company-logo_200_200/0?e=1608163200&v=beta&t=tAegG0EnhY7IS1Domra6qaBvtmPchg1YIjFPYHLKcAs,Civix,downloaded_images/civix.png
Code for America (CfA),https://media-exp1.licdn.com/dms/image/C560BAQEfB_0_-QMDdA/company-logo_200_200/0?e=1608163200&v=beta&t=dGXT63fNS70ylfq3hkAXck5LxxiWykfkYqwFcx9ftIg,Code_for_America_(CfA),downloaded_images/code-for-america-cfa.png
Colab.re,https://media-exp1.licdn.com/dms/image/C4E0BAQHJavJtdVSJSw/company-logo_200_200/0?e=1608163200&v=beta&t=2QslSlbJ9m-bkDSlBqX2KuoBt8Oq33V-yX15yvatqmU,Colab.re,downloaded_images/colab-re.jpeg
Color of Change Education Fund,https://media-exp1.licdn.com/dms/image/C4D0BAQG6nXKQ5DMS4Q/company-logo_200_200/0?e=1608163200&v=beta&t=nF82U_blV7h2-a87cvZ0xix_mBAGI52__GEUGX5lPiQ,Color_of_Change_Education_Fund,downloaded_images/color-of-change-education-fund.jpeg
Conectas,https://media-exp1.licdn.com/dms/image/C4D0BAQHHf1yEUTpkdg/company-logo_200_200/0?e=1608163200&v=beta&t=1auuYCL9deBgeNjf1_8iyLajkqbWEcr5Hi-l6M8IiK0,Conectas,downloaded_images/conectas.jpeg
Connected Development (CODE),https://media-exp1.licdn.com/dms/image/C510BAQEmV7knQYHg3w/company-logo_200_200/0?e=1608163200&v=beta&t=7XORLRrtppBTMAPqXNK1Fk-L9RCA_4dNRVfGl4QTzEo,Connected_Development_(CODE),downloaded_images/connected-development-code.png
Correctiv,https://media-exp1.licdn.com/dms/image/C560BAQERBMX607YweA/company-logo_200_200/0?e=1608163200&v=beta&t=WnxwGv10vTn1rGto2gMXYXzViuUSv41TPOv_ul6p5aA,Correctiv,downloaded_images/correctiv.jpeg
Data and Society Research Institute,https://media-exp1.licdn.com/dms/image/C4E0BAQG1vCjzOODULw/company-logo_200_200/0?e=1608163200&v=beta&t=6Hmq3ykyO6G7yo4D4cb9zYRsgmorj3tZmGC2x1EvPqY,Data_and_Society_Research_Institute,downloaded_images/data-and-society-research-institute.jpeg
Define American,https://media-exp1.licdn.com/dms/image/C560BAQEMj1dPywBFYQ/company-logo_200_200/0?e=1608163200&v=beta&t=qblOWSQMpe87nQUvrTXWpU7PInxcOFE9dn_lgl1CbA4,Define_American,downloaded_images/define-american.png
Democracy Club,https://media-exp1.licdn.com/dms/image/C4D0BAQG5MmdrRFxG1w/company-logo_200_200/0?e=1608163200&v=beta&t=22ij-wuTPY3aULii7gYx_GsFbduoNl6K0Qncf32Y7aA,Democracy_Club,downloaded_images/democracy-club.png
Democracy Works,https://media-exp1.licdn.com/dms/image/C560BAQGjdNMwOJvFaA/company-logo_200_200/0?e=1608163200&v=beta&t=JmVnztwSkTC-8hT9fQJbfLLnH1JuA1lvmwyQ5Oae2uI,Democracy_Works,downloaded_images/democracy-works.png
Digital Freedom Fund (DFF),https://media-exp1.licdn.com/dms/image/C4D0BAQEJzJifKsw09w/company-logo_200_200/0?e=1608163200&v=beta&t=A1JRAJldOR8sAR2SxwtxF86u5cy7oWDWQWLVjIb_wvM,Digital_Freedom_Fund_(DFF),downloaded_images/digital-freedom-fund-dff.png
Directorio Legislativo,https://media-exp1.licdn.com/dms/image/C560BAQEc8iEfQhSS0Q/company-logo_200_200/0?e=1608163200&v=beta&t=WZKBagjRfRpz1n9rSIMZJ8QGcYFVC2jt3zPTM4aPGN8,Directorio_Legislativo,downloaded_images/directorio-legislativo.gif
DoSomething.org,https://media-exp1.licdn.com/dms/image/C4D0BAQFsXEfTNmqfYQ/company-logo_200_200/0?e=1608163200&v=beta&t=vWHsBFoZUkdP83yOglC6A4t49bISoMtCPSllKsIGYSQ,DoSomething.org,downloaded_images/dosomething-org.jpeg
DÈmocratie Ouverte,https://media-exp1.licdn.com/dms/image/C4E0BAQESsLEiAFm8fA/company-logo_200_200/0?e=1608163200&v=beta&t=VTld8gyNOVC_bTZoV3EdYpr5hIgVHGZqGps6d8hQh78,Démocratie_Ouverte,downloaded_images/démocratie-ouverte.png
East West Management Institute,https://media-exp1.licdn.com/dms/image/C4D0BAQELL4eM5rYLmA/company-logo_200_200/0?e=1608163200&v=beta&t=MY9IqOHC6rfUOIxSkFg5f_-bMg_vLaKVNiAw24N7Aj8,East_West_Management_Institute,downloaded_images/east-west-management-institute.png
Elucd,https://media-exp1.licdn.com/dms/image/C4D0BAQGzc8_JHAt6gg/company-logo_200_200/0?e=1608163200&v=beta&t=HpZk7i7e4OjGWXgczWpcGcorHHwG53P6OZBfii52G38,Elucd,downloaded_images/elucd.png
European Digital Rights (EDRi),https://media-exp1.licdn.com/dms/image/C4D0BAQEceD_c-eP7nA/company-logo_200_200/0?e=1608163200&v=beta&t=8r0R-XFJ_bTzXSvo6fZGB6rYK1yWBGVnx13l6USJ84s,European_Digital_Rights_(EDRi),downloaded_images/european-digital-rights-edri.png
European Press Prize,https://media-exp1.licdn.com/dms/image/C4D0BAQEw1sWCLZZm4g/company-logo_200_200/0?e=1608163200&v=beta&t=GRhvhnnghoMpuYhIWwOoUO1D5BMF9Tlt7LWtJb8Uh-U,European_Press_Prize,downloaded_images/european-press-prize.jpeg
Fast Forward: Raheem.ai,https://media-exp1.licdn.com/dms/image/C4E0BAQHGjHFez8B9xw/company-logo_200_200/0?e=1608163200&v=beta&t=mhxRIvJ6We2-UmCDwLrLkASHKfGD9Zwkyhp7imKuYdc,Fast_Forward_Raheem.ai,downloaded_images/fast-forward-raheem-ai.jpeg
Finance Uncovered,https://i1.wp.com/www.financeuncovered.org/wp-content/uploads/2015/04/logo-slightly-larger.png?fit=135%2C35&ssl=1,Finance_Uncovered,downloaded_images/finance-uncovered.png
Financial Transparency Coalition (FTC),https://media-exp1.licdn.com/dms/image/C560BAQGiiwKKqF9h3g/company-logo_200_200/0?e=1608163200&v=beta&t=q2-tnxqNo8l5jcaHcNkl5jPM88z_2VmqhamWxJyLShY,Financial_Transparency_Coalition_(FTC),downloaded_images/financial-transparency-coalition-ftc.jpeg
Foxglove,https://static1.squarespace.com/static/5d21ce213e9b1b000172b85f/t/5d21ce9ea6c12f0001a035fb/1600098897867/?format=1500w,Foxglove,downloaded_images/foxglove.jpeg
Freedom Voices Network,https://media-exp1.licdn.com/dms/image/C4E0BAQFOz-jdtqFQ5A/company-logo_200_200/0?e=1608163200&v=beta&t=sKXlIHNFXBvXByrjwQDM6EPwSwCD93ggRoj46SBODV0,Freedom_Voices_Network,downloaded_images/freedom-voices-network.jpeg
Frontier Myanmar,https://media-exp1.licdn.com/dms/image/C510BAQGuLCahtWvsww/company-logo_200_200/0?e=1608163200&v=beta&t=OZsoYDcXGF2YqO6UyG4YrTqvj77sWZFpxECVuxYZlBo,Frontier_Myanmar,downloaded_images/frontier-myanmar.png
Full Fact,https://media-exp1.licdn.com/dms/image/C4D0BAQEeLbxjSDhKzw/company-logo_200_200/0?e=1608163200&v=beta&t=rD2etSJIk4r6WSY_lAOKFdZ1cKEFeRF0KuxzdxGVPJk,Full_Fact,downloaded_images/full-fact.png
Fund for Constitutional Government: Anti-Corruption Data Collective,http://www.fcgonline.org/wp-content/uploads/2017/11/FCG-logo-11.jpg,Fund_for_Constitutional_Government_Anti-Corruption_Data_Collective,downloaded_images/fund-for-constitutional-government-anti-corruption-data-collective.jpeg
Fund for the City of New York: Open Contracting Partnership,https://media-exp1.licdn.com/dms/image/C4E0BAQFvJDem3SaqTQ/company-logo_200_200/0?e=1608163200&v=beta&t=WXI-BmBoLwg75NQt5PTxLFK6Yqbn3Iu3zWX9uzhXYxA,Fund_for_the_City_of_New_York_Open_Contracting_Partnership,downloaded_images/fund-for-the-city-of-new-york-open-contracting-partnership.jpeg
Fund for the City of New York: Open Data Charter,https://media-exp1.licdn.com/dms/image/C560BAQHXBqV2AHi9bA/company-logo_200_200/0?e=1608163200&v=beta&t=9rd9Fxffn-cKEThV_4HJqmRuifj6uDogCJFLOVi3xic,Fund_for_the_City_of_New_York_Open_Data_Charter,downloaded_images/fund-for-the-city-of-new-york-open-data-charter.png
FundaciÛn Mi Sangre (FMS),https://media-exp1.licdn.com/dms/image/C4D0BAQHKJEiRCgJkuA/company-logo_200_200/0?e=1608163200&v=beta&t=Wc8vHSZKYrjOdkTpAMo09bADFiVbyjv8oJuYLsEjEdI,FundaciÛn_Mi_Sangre_(FMS),downloaded_images/fundaciûn-mi-sangre-fms.jpeg
FundaciÛn para la Libertad de Prensa (FLIP),https://flip.org.co/images/id.svg,FundaciÛn_para_la_Libertad_de_Prensa_(FLIP),downloaded_images/fundaciûn-para-la-libertad-de-prensa-flip.svg
Fuse Corps,https://media-exp1.licdn.com/dms/image/C4E0BAQEt-Ii-oAZ7kw/company-logo_200_200/0?e=1608163200&v=beta&t=qiy5CrfiXQh0DuXqjR2ge899vlMJdia5B4bDol515IQ,FUSE_Corps,downloaded_images/fuse-corps.png
GFF (Gesellschaft f¸r Freiheitsrechte),https://media-exp1.licdn.com/dms/image/C560BAQGLyIswBUYXXQ/company-logo_200_200/0?e=1608163200&v=beta&t=jsSPLaedpgAHFiHTYlX2UP4f9QqesA8l0NdiYhFH7es,GFF_(Gesellschaft f¸r Freiheitsrechte),downloaded_images/gff-gesellschaft-f¸r-freiheitsrechte.png
Georgetown University: Center on Privacy and Technology,https://media-exp1.licdn.com/dms/image/C4D0BAQGCQcIGsHv-Mw/company-logo_200_200/0?e=1608163200&v=beta&t=2VCX2eSUQLHHFWn9NThDy2c_SnHoTwAP0OEcMPwOJwk,Georgetown_University_Center_on_Privacy_and_Technology,downloaded_images/georgetown-university-center-on-privacy-and-technology.jpeg
"Georgetown University: Initiative on Innovation, Development and Evaluation",https://gui2de.georgetown.edu/wp-content/themes/custom/whitehaven-nu/build/img/seal-sm-2x.png,Georgetown_University_Initiative_on_Innovation_Development_and_Evaluation,downloaded_images/georgetown-university-initiative-on-innovation-development-and-evaluation.png
Global Disinformation Index,https://media-exp1.licdn.com/dms/image/C4D0BAQExnvs498buaQ/company-logo_200_200/0?e=1608163200&v=beta&t=fjPtj7Nj8sVLcUPPtPyJ4pW44nBS6cvYRkPqkv0-dqg,Global_Disinformation_Index,downloaded_images/global-disinformation-index.jpeg
Global Initiative for Fiscal Transparency (GIFT),https://media-exp1.licdn.com/dms/image/C4E0BAQH3zcXgFAyV7Q/company-logo_200_200/0?e=1608163200&v=beta&t=fUUimOeattlBifVHkR3YEuPa7B0hXMLqgPKJhMUx-EM,Global_Initiative_for_Fiscal_Transparency_(GIFT),downloaded_images/global-initiative-for-fiscal-transparency-gift.png
Global Press Institute,https://media-exp1.licdn.com/dms/image/C4E0BAQHD2TZNJHkn5g/company-logo_200_200/0?e=1608163200&v=beta&t=AxzzavK-uH4vBkJhPSMt5wmG74E7hi06mfp52SKICJY,Global_Press_Institute,downloaded_images/global-press-institute.png
Global Witness,https://media-exp1.licdn.com/dms/image/C560BAQHK5N2UsmIuDw/company-logo_200_200/0?e=1608163200&v=beta&t=n2fG0PLflbwca15VkRfMRcSPkzTINkYXi1pjxR19Wvg,Global_Witness,downloaded_images/global-witness.png
HNK Legal,https://media-exp1.licdn.com/dms/image/C4D0BAQH__cI4FHHPvw/company-logo_200_200/0?e=1608163200&v=beta&t=NX5fs8qOMWA2a7Kvmb-vseB2t7Sv88qbep04LwkL0EA,HNK_Legal,downloaded_images/hnk-legal.png
HiviSasa,https://media-exp1.licdn.com/dms/image/C4E0BAQHgk1LJ5bI_yQ/company-logo_200_200/0?e=1608163200&v=beta&t=pTITEanexAwFdvIO0MBDTkRSzDGKSRLWGkhQT0fJK5c,HiviSasa,downloaded_images/hivisasa.png
IDFI,https://idfi.ge/public/images/l/idfi_logo_en_l.png,IDFI,downloaded_images/idfi.png
Ideas42,https://media-exp1.licdn.com/dms/image/C4D0BAQH5EJywLtaB3w/company-logo_200_200/0?e=1608163200&v=beta&t=OdJMwUmcuBdJTbPkef3JOJWbIvMGODZ6qy-rpmfaL6w,Ideas42,downloaded_images/ideas42.png
IgarapÈ Inc.,https://media-exp1.licdn.com/dms/image/C4D0BAQFe_l_gdz0iSA/company-logo_200_200/0?e=1608163200&v=beta&t=k6S-jZMHfwkkZZfeRCr2gsf9um6q8rsESNwvNw2MK5c,IgarapÈ_Inc,downloaded_images/igarapè-inc.jpeg
Iniciativa Latinoamericana por los Datos Abiertos (ILDA),https://media-exp1.licdn.com/dms/image/C4E0BAQGL5-PPIrpqgA/company-logo_200_200/0?e=1608163200&v=beta&t=qTK4600v7eijUG7IC9etpeDZZgqPprUSYGqywvJdbI4,Iniciativa_Latinoamericana_por_los_Datos_Abiertos_(ILDA),downloaded_images/iniciativa-latinoamericana-por-los-datos-abiertos-ilda.jpeg
Institute for Strategy and Policy,https://www.ispmyanmar.com/wp-content/uploads/2020/08/Logo.png,Institute_for_Strategy_and_Policy,downloaded_images/institute-for-strategy-and-policy.png
Instituto de Tecnologia e Sociedade do Rio de Janeiro (ITS),https://media-exp1.licdn.com/dms/image/C4E0BAQGwbFlInI8pYw/company-logo_200_200/0?e=1608163200&v=beta&t=JDhwAS7YqaOldu1yjhECTAOTxIXcDncY5hRqOLeI3qQ,Instituto_de_Tecnologia_e_Sociedade_do_Rio_de_Janeiro_(ITS),downloaded_images/instituto-de-tecnologia-e-sociedade-do-rio-de-janeiro-its.png
International Budget Partnership (IBP),https://media-exp1.licdn.com/dms/image/C4E0BAQHLtrw65hA-EQ/company-logo_200_200/0?e=1608163200&v=beta&t=9_4Q9f6ovhRLTcukG3m_Sb-MfJ4FDBSeKYkZy9KiUsc,International_Budget_Partnership_(IBP),downloaded_images/international-budget-partnership-ibp.jpeg
International Budget Partnership (IBP): Global Initiative for Fiscal Transparency (GIFT),https://media-exp1.licdn.com/dms/image/C4E0BAQH3zcXgFAyV7Q/company-logo_200_200/0?e=1608163200&v=beta&t=fUUimOeattlBifVHkR3YEuPa7B0hXMLqgPKJhMUx-EM,International_Budget_Partnership_(IBP)_Global_Initiative_for_Fiscal_Transparency_(GIFT),downloaded_images/international-budget-partnership-ibp-global-initiative-for-fiscal-transparency-gift.png
International Center for Journalists (ICFJ),https://media-exp1.licdn.com/dms/image/C4E0BAQGSSeJJtbe_pw/company-logo_200_200/0?e=1608163200&v=beta&t=yhrPdrVQ-rwZd3DVPp26gZ3bCWRqyUTetecxRJe47AQ,International_Center_for_Journalists_(ICFJ),downloaded_images/international-center-for-journalists-icfj.png
International Consortium of Investigative Journalists (ICIJ),https://media-exp1.licdn.com/dms/image/C510BAQEj-ar_LVb4oA/company-logo_200_200/0?e=1608163200&v=beta&t=7NC_SQslDQ8TJnt8TE1bDWIqZob5GyaujwVK6W4ZJ1c,International_Consortium_of_Investigative_Journalists_(ICIJ),downloaded_images/international-consortium-of-investigative-journalists-icij.png
International Women's Media Foundation,https://media-exp1.licdn.com/dms/image/C4E0BAQG2L3zjdP50gw/company-logo_200_200/0?e=1608163200&v=beta&t=Nhrx7Dyx4Xcqd4cIf9AurQeoQQZqxOQzhUseVmpXGe4,International_Womens_Media_Foundation,downloaded_images/international-womens-media-foundation.jpeg
InternetLab,https://media-exp1.licdn.com/dms/image/C4D0BAQFTeSJzRwd_2A/company-logo_200_200/0?e=1608163200&v=beta&t=tdZztrT1p_QKvfqAB8kmlRZiUYdDK160VNYBzsDzzvI,InternetLab,downloaded_images/internetlab.png
Internews,https://media-exp1.licdn.com/dms/image/C4E0BAQGRmoOmXK67Ew/company-logo_200_200/0?e=1608163200&v=beta&t=PkPSqVU00JpyG83xsm91r2aF-aN7oOaYyGb5xaBC0Z4,Internews,downloaded_images/internews.png
Irish Council for Civil Liberties,https://media-exp1.licdn.com/dms/image/C4D0BAQGXD3nE_kfYCQ/company-logo_200_200/0?e=1608163200&v=beta&t=D4N72BkPuIT_UvRXqsErlCmGITMmiieUVWF58v1zTN4,Irish_Council_for_Civil_Liberties,downloaded_images/irish-council-for-civil-liberties.jpeg
Journalism Development Network: Organized Crime and Corruption Reporting Project (OCCRP),https://media-exp1.licdn.com/dms/image/C4D0BAQHmHb3nrQlr9Q/company-logo_200_200/0?e=1608163200&v=beta&t=3OTQi8cMHV4MObgzIAoXd0P8TiGuTzmOLd0mKgwjnQU,Journalism_Development_Network_Organized_Crime_and_Corruption_Reporting_Project_(OCCRP),downloaded_images/journalism-development-network-organized-crime-and-corruption-reporting-project-occrp.jpeg
Katiba Institute,https://media-exp1.licdn.com/dms/image/C4E0BAQEFxH99oinMVg/company-logo_200_200/0?e=1608163200&v=beta&t=-UPZi0wLMznXB667jA26j5sQL6z0jbg956vbgFoRwzM,Katiba_Institute,downloaded_images/katiba-institute.png
King Baudouin Foundation US: CODA,https://media-exp1.licdn.com/dms/image/C4E0BAQFF4WzQ5rBElQ/company-logo_200_200/0?e=1608163200&v=beta&t=yeU6DgszCZjX2E3L6MbJ1Sz07KibNC7EUEKgatrk_Yk,King_Baudouin_Foundation_US_CODA,downloaded_images/king-baudouin-foundation-us-coda.png
Liberty,https://media-exp1.licdn.com/dms/image/C4D0BAQGOgodJWsBMAA/company-logo_200_200/0?e=1608163200&v=beta&t=rFMpVzqGjI1eR9v72fTOQqCwwVKeemQ7QfDAw1a7Tmk,Liberty,downloaded_images/liberty.png
Lightbox Africa,https://media-exp1.licdn.com/dms/image/C560BAQEZVJGfA8slEw/company-logo_200_200/0?e=1608163200&v=beta&t=bUTshJN2PIZASTzpTDDF11FyzZL2awzhkSAnJ8igrwk,Lightbox_Africa,downloaded_images/lightbox-africa.jpeg
Local Development Research Institute (LDRI): Open Government Partnership (OGP),https://media-exp1.licdn.com/dms/image/C4D0BAQH2iNTHmNHNiw/company-logo_200_200/0?e=1608163200&v=beta&t=F9QbVzKkU1iLytIbQajQSDhc1t7VceAigGCfqwxdqvU,Local_Development_Research_Institute_(LDRI)_Open_Government_Partnership_(OGP),downloaded_images/local-development-research-institute-ldri-open-government-partnership-ogp.png
Magamba Network,http://magambanetwork.com/wp-content/uploads/2016/12/logo-med.png,Magamba_Network,downloaded_images/magamba-network.png
McGill University,https://media-exp1.licdn.com/dms/image/C510BAQFvv1npMZWzKA/company-logo_200_200/0?e=1608163200&v=beta&t=UAdN2NGEJBB-oX-3nlFBZT5QLe7g39RAcND8k6NxrN0,McGill_University,downloaded_images/mcgill-university.png
MedConfidential,https://medconfidential.org/wp-content/uploads/2017/03/medConfidential_WordPress_header.jpg,MedConfidential,downloaded_images/medconfidential.jpeg
Media Development Investment Fund (MDIF),https://media-exp1.licdn.com/dms/image/C510BAQE1HU1MXgDasA/company-logo_200_200/0?e=1608163200&v=beta&t=Ddmt3cOznrG8C106b0luTTNrXgSOBhoBwowLILeibC0,Media_Development_Investment_Fund_(MDIF),downloaded_images/media-development-investment-fund-mdif.png
Media Development Investment Fund (MDIF): Membership Puzzle Project,https://media-exp1.licdn.com/dms/image/C510BAQE1HU1MXgDasA/company-logo_200_200/0?e=1608163200&v=beta&t=Ddmt3cOznrG8C106b0luTTNrXgSOBhoBwowLILeibC0,Media_Development_Investment_Fund_(MDIF)_Membership_Puzzle_Project,downloaded_images/media-development-investment-fund-mdif-membership-puzzle-project.png
Media Legal Defence Intiative (MLDI),https://media-exp1.licdn.com/dms/image/C4D0BAQFqmVjROBxZeA/company-logo_200_200/0?e=1608163200&v=beta&t=UDTE9cncl_QabaYpBOZ-Kuihmm00W4d8766m_IX_zDc,Media_Legal_Defence_Intiative_(MLDI),downloaded_images/media-legal-defence-intiative-mldi.jpeg
Media Monitoring Africa,https://mediamonitoringafrica.org/wp-content/uploads/2019/04/logo.png,Media_Monitoring_Africa,downloaded_images/media-monitoring-africa.png
Memria,"https://user-images.strikinglycdn.com/res/hrscywv4p/image/upload/c_limit,fl_lossy,h_300,w_300,f_auto,q_auto/1072980/qso5pc8y7vfsy9f9ydee.png",Memria,downloaded_images/memria.png
Metta: Barazi Media Lab,https://media-exp1.licdn.com/dms/image/C4D0BAQG3PjtwQd7c8Q/company-logo_200_200/0?e=1608163200&v=beta&t=psCxoACs4VE44O6XKTq3xzbogoe7mvjIzkEUBpONtU0,Metta_Barazi_Media_Lab,downloaded_images/metta-barazi-media-lab.png
More In Common,https://media-exp1.licdn.com/dms/image/C560BAQGt5kFQ7wO7Yw/company-logo_200_200/0?e=1608163200&v=beta&t=O1hO0RwOtoo2hub32YC_F98NITYxzg9DcPFvtNPkNjE,More_In_Common,downloaded_images/more-in-common.png
Mozilla Foundation,https://media-exp1.licdn.com/dms/image/C4E0BAQGHz8JwrMTQ0A/company-logo_200_200/0?e=1608163200&v=beta&t=gsh-tIltCNDEwCGnD8dk49uOlovF5Rrm9jcI75WoHmA,Mozilla_Foundation,downloaded_images/mozilla-foundation.png
NEO Philanthropy: Four Freedoms Fund,https://media-exp1.licdn.com/dms/image/C560BAQEo7xX6KYxjnA/company-logo_200_200/0?e=1608163200&v=beta&t=C7stRx54zZIqu4xyzS2tIxfBxLyYQZM9nI1STO9al98,NEO_Philanthropy_Four_Freedoms_Fund,downloaded_images/neo-philanthropy-four-freedoms-fund.png
Namati,https://media-exp1.licdn.com/dms/image/C4E0BAQGddgC6MslSmA/company-logo_200_200/0?e=1608163200&v=beta&t=ksGvpvDSEWS73RXD7rnw9yxiktx2BQdqDIHM3W3mRMo,Namati,downloaded_images/namati.jpeg
NationBuilder,https://media-exp1.licdn.com/dms/image/C560BAQE4QZNBzBubKg/company-logo_200_200/0?e=1608163200&v=beta&t=kC8fIt9r1QhqtZjYni4z4DJoKxQyS8eXyevspCzYta4,NationBuilder,downloaded_images/nationbuilder.png
National Conference on Citizenship,https://media-exp1.licdn.com/dms/image/C4D0BAQGHcOtLschnCg/company-logo_200_200/0?e=1608163200&v=beta&t=j4JbDsArsMIHo-OScJ9EDHIlCB5c2lH6OF6U_8e7P8w,National_Conference_on_Citizenship,downloaded_images/national-conference-on-citizenship.png
Natural Resource Governance Institute (NRGI),https://media-exp1.licdn.com/dms/image/C4D0BAQFQ4JtgJh52Pw/company-logo_200_200/0?e=1608163200&v=beta&t=0FDFcpXXtOh_vulfEFEo-pMlyUU_zA5TsAa4snivx2E,Natural_Resource_Governance_Institute_(NRGI),downloaded_images/natural-resource-governance-institute-nrgi.jpeg
Network of European Foundations: Civitates Fund,https://media-exp1.licdn.com/dms/image/C4D0BAQGzP9jksFqmHg/company-logo_200_200/0?e=1608163200&v=beta&t=MXCrWAlZPNzlIjIuK9lg7MP6VkdUMtpnxPq9b3IG3To,Network_of_European_Foundations_Civitates_Fund,downloaded_images/network-of-european-foundations-civitates-fund.jpeg
New America Foundation (NAF): Ranking Digital Rights,https://media-exp1.licdn.com/dms/image/C4E0BAQGrZqqrQKOXnA/company-logo_200_200/0?e=1608163200&v=beta&t=KcPHhND84Mjot6YRKHs5WHMT6qtTDLBbX1susdk9kAU,New_America_Foundation_(NAF)_Ranking_Digital_Rights,downloaded_images/new-america-foundation-naf-ranking-digital-rights.png
New Mode,https://media-exp1.licdn.com/dms/image/C4D0BAQGEbcUD7TWFqQ/company-logo_200_200/0?e=1608163200&v=beta&t=eJtzeDWN3iVCzHNh7LYtZpdGCqQgSoDs3fCRofo6GLU,New_Mode,downloaded_images/new-mode.png
New Venture Fund: Digital Action,https://media-exp1.licdn.com/dms/image/C4E0BAQE48LyTw4C5ng/company-logo_200_200/0?e=1608163200&v=beta&t=8ONS82XcliOQ2uMOFD2v7SMO1oOzwqm-dZ5ZCC2Ml2s,New_Venture_Fund_Digital_Action,downloaded_images/new-venture-fund-digital-action.png
New York University: Cybersecurity,https://media-exp1.licdn.com/dms/image/C4D0BAQF6TmzLkch0dQ/company-logo_200_200/0?e=1608163200&v=beta&t=uBp49_7JmmkpFd8QWxlkg-6i6WrBpccw9ODe59qIA-A,New_York_University_Cybersecurity,downloaded_images/new-york-university-cybersecurity.jpeg
New York University: Membership Puzzle Project,https://media-exp1.licdn.com/dms/image/C4D0BAQF6TmzLkch0dQ/company-logo_200_200/0?e=1608163200&v=beta&t=uBp49_7JmmkpFd8QWxlkg-6i6WrBpccw9ODe59qIA-A,New_York_University_Membership_Puzzle_Project,downloaded_images/new-york-university-membership-puzzle-project.jpeg
Nexo,https://media-exp1.licdn.com/dms/image/C4D0BAQF9GwGMiv7vcA/company-logo_200_200/0?e=1608163200&v=beta&t=Zk2gudbgZEsJShTMfOSYCdZtBiTXMWIf8kzie4PBI64,Nexo,downloaded_images/nexo.png
NextRequest,https://media-exp1.licdn.com/dms/image/C560BAQEUUR0k0K2SqA/company-logo_200_200/0?e=1608163200&v=beta&t=LLdhWnZ3r1y0DsXOLeW-VcF1IPcEwwcR4RT_a2Qx1xc,NextRequest,downloaded_images/nextrequest.png
Nossas,https://s3.amazonaws.com/hub-central/uploads/1592858486_1502480863_nossas2.png,Nossas,downloaded_images/nossas.png
Open Cities Lab,https://media-exp1.licdn.com/dms/image/C510BAQFFN_v8tP5EZw/company-logo_200_200/0?e=1608163200&v=beta&t=aDt4mOdw4MMuIh5BOX6PqRPSCZf9ETdUzIF2fB7W8T4,Open_Cities_Lab,downloaded_images/open-cities-lab.png
Open Data Institute (ODI),https://media-exp1.licdn.com/dms/image/C4D0BAQEaupXulJvQSw/company-logo_200_200/0?e=1608163200&v=beta&t=2EJxfoY2BIgcnLM1vK16H4hRCi4r507tFR_TtSnwx8k,Open_Data_Institute_(ODI),downloaded_images/open-data-institute-odi.png
Open Data Manchester,https://media-exp1.licdn.com/dms/image/C4D0BAQFO0O-O47tKaA/company-logo_200_200/0?e=1608163200&v=beta&t=cKJSLZmZSKdElXPjUO2pl1HPrcLuaWx7G87R4w-ou-E,Open_Data_Manchester,downloaded_images/open-data-manchester.jpeg
Open Government Partnership (OGP),https://media-exp1.licdn.com/dms/image/C4E0BAQHfqxQDmjbEPw/company-logo_200_200/0?e=1608163200&v=beta&t=BwOsI6KJGJLsI7DGykyyveglWD6air0kTzJ_MYNRWKQ,Open_Government_Partnership_(OGP),downloaded_images/open-government-partnership-ogp.png
Open Institute,https://media-exp1.licdn.com/dms/image/C4E0BAQGNUdEB9NAvXg/company-logo_200_200/0?e=1608163200&v=beta&t=qlt54Xrq25OvFVUTwBgO9mrDB7UCZbVa9s6Ip9r9JM0,Open_Institute,downloaded_images/open-institute.png
Open Rights Group,https://media-exp1.licdn.com/dms/image/C4E0BAQHa_8WmdbqEoA/company-logo_200_200/0?e=1608163200&v=beta&t=ZINq4KJr7JndL5a728uMnjeQ3kt9kqcNCkCPUUV_pPM,Open_Rights_Group,downloaded_images/open-rights-group.jpeg
Open Secrets,https://media-exp1.licdn.com/dms/image/C560BAQFdVxoq2gegQQ/company-logo_200_200/0?e=1608163200&v=beta&t=m8hmRr0bbRLiczPv9j6dPHcKBMH-8CgJgFxeuKL2VB4,Open_Secrets,downloaded_images/open-secrets.jpeg
OpenCorporates,https://media-exp1.licdn.com/dms/image/C4D0BAQHreg61TaGc5g/company-logo_200_200/0?e=1608163200&v=beta&t=G3AU6LTBzznOZBOJYv2Yj4xlkG4dazR3_PrNUJ2DsyQ,OpenCorporates,downloaded_images/opencorporates.png
OpenUp,https://media-exp1.licdn.com/dms/image/C4D0BAQEcRCikkYqZuA/company-logo_200_200/0?e=1608163200&v=beta&t=w5B0IN0UbrqhX_iDjPXEsVMnwEvCkBS7RaQ6i8DL8ZA,OpenUp,downloaded_images/openup.jpeg
POGO Action: FACT Coalition,https://media-exp1.licdn.com/dms/image/C4E0BAQGwkqOYtpMahQ/company-logo_200_200/0?e=1608163200&v=beta&t=bTZyyc2WWLqw89wiP-DcfoMBYUS3vsl8vvhgYSVZPEI,POGO_Action_FACT_Coalition,downloaded_images/pogo-action-fact-coalition.png
Paradigm Leadership Support Initiative (PLSI),https://plsinitiative.org/wp-content/uploads/2019/08/PLSI-logo-Sticky.png,Paradigm_Leadership_Support_Initiative_(PLSI),downloaded_images/paradigm-leadership-support-initiative-plsi.png
Paris Peace Forum,https://media-exp1.licdn.com/dms/image/C560BAQFU6qH0zftMLQ/company-logo_200_200/0?e=1608163200&v=beta&t=T1qFfa88BRlgzlw6cZF_9F3hhOJzVp6yp214m_r1cio,Paris_Peace_Forum,downloaded_images/paris-peace-forum.png
Partnership on AI,https://media-exp1.licdn.com/dms/image/C560BAQHCsOc4Y9LRFg/company-logo_200_200/0?e=1608163200&v=beta&t=dozT43MOCucmWDDMW5QT6MZEiENMRj2YTBDEIpk5kOI,Partnership_on_AI,downloaded_images/partnership-on-ai.jpeg
Personaldata.io,https://media-exp1.licdn.com/dms/image/C560BAQH_FvZ0-F09Iw/company-logo_200_200/0?e=1608163200&v=beta&t=Fo2Kz8APgS-zmFFnmUvo63K8KnVn5L9AGh9mlOP4BDU,Personaldata.io,downloaded_images/personaldata-io.png
Phandeeyar,https://media-exp1.licdn.com/dms/image/C560BAQEkGLu1lPvsmA/company-logo_200_200/0?e=1608163200&v=beta&t=efjYlcGfl2Cq57-w4WoJ86H_vAD-DlR13oLEMS0Fh6k,Phandeeyar,downloaded_images/phandeeyar.jpeg
Poynter Institute for Media Studies,https://media-exp1.licdn.com/dms/image/C560BAQGYzs6lF27Jtw/company-logo_200_200/0?e=1608163200&v=beta&t=s5fEY2D9TqGnHwyKxlLNqf1-pCJJEfBDQvgH2k1opNE,Poynter_Institute_for_Media_Studies,downloaded_images/poynter-institute-for-media-studies.png
Privacy International (PI),https://media-exp1.licdn.com/dms/image/C4E0BAQE4bnKYC4L4ZA/company-logo_200_200/0?e=1608163200&v=beta&t=wyoNY8aTzy94PxUwVYvCZUixdZvriLUDePHwJrvmVlE,Privacy_International_(PI),downloaded_images/privacy-international-pi.jpeg
Proteus Fund: Transparency & Accountability Initiative (TAI),https://media-exp1.licdn.com/dms/image/C510BAQFEtw9jV2EUng/company-logo_200_200/0?e=1608163200&v=beta&t=fFnBF6gQ7faWKMEDUdB6jxUfzOj1pKApdVeh839UmfY,Proteus_Fund_Transparency_&_Accountability_Initiative_(TAI),downloaded_images/proteus-fund-transparency-accountability-initiative-tai.png
Public Citizen,https://media-exp1.licdn.com/dms/image/C4D0BAQEIrjcelpDGqg/company-logo_200_200/0?e=1608163200&v=beta&t=_nOVr-aplW9oefP1YQdGJL555hcs0Pj8Q87eQNQBnc0,Public_Citizen,downloaded_images/public-citizen.png
Public and Private Development Centre (PPDC),https://media-exp1.licdn.com/dms/image/C4E0BAQEter3CwKKVeg/company-logo_200_200/0?e=1608163200&v=beta&t=CWedV1CbLEvyeqmNo0Dtqw9jqvQ_BNvRuXy4lh8ip-c,Public_and_Private_Development_Centre_(PPDC),downloaded_images/public-and-private-development-centre-ppdc.png
Publish What You Pay (PWYP),https://media-exp1.licdn.com/dms/image/C560BAQEPm3L1zGVnhA/company-logo_200_200/0?e=1608163200&v=beta&t=wAnCZVJzAl8s6hkRivoSuQn5qI8Yv8PQXM8xXVMCYaA,Publish_What_You_Pay_(PWYP),downloaded_images/publish-what-you-pay-pwyp.png
Quebrando o Tab˙,https://d15mvavv27jnvy.cloudfront.net//62ebf61a742e1588879ec93b7e90cdf5.jpg,Quebrando_o_Tab˙,downloaded_images/quebrando-o-tab˙.jpeg
Race Forward,https://media-exp1.licdn.com/dms/image/C560BAQEHjibSIw9LZg/company-logo_200_200/0?e=1608163200&v=beta&t=TxHNYVi_xsKNSFa9Ju7U3vFgHSiV3NKwzreTuHWFFSg,Race_Forward,downloaded_images/race-forward.jpeg
Red en Defensa de los Derechos Digitales (R3D),https://media-exp1.licdn.com/dms/image/C560BAQEMX0-aL2VKwg/company-logo_200_200/0?e=1608163200&v=beta&t=juBS-KQtU6w-eMulrVA9ydqIb97ldGYN-yTI_l1QpV4,Red_en_Defensa_de_los_Derechos_Digitales_(R3D),downloaded_images/red-en-defensa-de-los-derechos-digitales-r3d.jpeg
Res Non Verba: Change.org Argentina,https://cdn.donarchange.org/wp-content/uploads/sites/3/2019/08/27155912/Argentina-foundation-logo.png,Res_Non_Verba_Change.org_Argentina,downloaded_images/res-non-verba-change-org-argentina.png
Rhize,https://media-exp1.licdn.com/dms/image/C4D0BAQFxrC8Eq8WiWA/company-logo_200_200/0?e=1608163200&v=beta&t=YvgdNhPuvQYmNx40MxsKB5a7Yprqqp2tG-pcUqfLJOY,Rhize,downloaded_images/rhize.png
Right2Know,https://media-exp1.licdn.com/dms/image/C4D0BAQEkT-UmkYLANw/company-logo_200_200/0?e=1608163200&v=beta&t=XBuceWjz9mlI39tD3lqiyNsn2CMA4YH1WQL8ODPoEM0,Right2Know,downloaded_images/right2know.png
Rockefeller Philanthropy Advisors (RPA): AfricaNoFilter,https://media-exp1.licdn.com/dms/image/C560BAQGBOX0eEXFkGg/company-logo_200_200/0?e=1608163200&v=beta&t=vnoZEuq4v8T1ufN8sMLCri6MMzcWTJF28j4_mdUqEvQ,Rockefeller_Philanthropy_Advisors_(RPA)_AfricaNoFilter,downloaded_images/rockefeller-philanthropy-advisors-rpa-africanofilter.jpeg
Rockefeller Philanthropy Advisors (RPA): Pop Culture Collaborative,http://popcollab.org/wp-content/uploads/2020/06/pcc-logo-yellow-blue-200px.png,Rockefeller_Philanthropy_Advisors_(RPA)_Pop_Culture_Collaborative,downloaded_images/rockefeller-philanthropy-advisors-rpa-pop-culture-collaborative.png
Socio-Economic Rights and Accountability Project (SERAP),http://serap-nigeria.org/wp-content/uploads/2017/06/cropped-serap-logo.png,Socio-Economic_Rights_and_Accountability_Project_(SERAP),downloaded_images/socio-economic-rights-and-accountability-project-serap.png
Stears,https://media-exp1.licdn.com/dms/image/C510BAQHPx4Zk68-DXw/company-logo_200_200/0?e=1608163200&v=beta&t=gH6GVfVtxuOYoz-8KSM6hUkxn8nhcukKFJMHU-OGkQo,Stears,downloaded_images/stears.png
Stiftung Neue Verantwortung (SNV),https://media-exp1.licdn.com/dms/image/C510BAQHuI7H4BNQf-Q/company-logo_200_200/0?e=1608163200&v=beta&t=1mjBw6TGMzu4tsIL1R4D1KEncrS7g10O4tUVBab-roc,Stiftung_Neue_Verantwortung_(SNV),downloaded_images/stiftung-neue-verantwortung-snv.png
Sundance Institute,https://media-exp1.licdn.com/dms/image/C560BAQHXQwlh_mbRYQ/company-logo_200_200/0?e=1608163200&v=beta&t=8RsZZr1GAWNDBxs80sN35sTNjfrXMbfIfFwJGkgLQVY,Sundance_Institute,downloaded_images/sundance-institute.jpeg
Swish Labs,https://media-exp1.licdn.com/dms/image/C4D0BAQGB01A9r8L-qA/company-logo_200_200/0?e=1608163200&v=beta&t=rOeS9b6jNzvBKYA16ZQoQan-Aem3erZ1gMfsgEarjHg,Swish_Labs,downloaded_images/swish-labs.png
The AI Now Institute,https://media-exp1.licdn.com/dms/image/C4D0BAQGTe28OuwEU-A/company-logo_200_200/0?e=1608163200&v=beta&t=uNKhv4fmfGuGHosEBAmSqLFyzynLTFUmLmgFW2qGdgc,The_AI_Now_Institute,downloaded_images/the-ai-now-institute.png
The Accountability Lab,https://media-exp1.licdn.com/dms/image/C4D0BAQFGiluXYFJ43Q/company-logo_200_200/0?e=1608163200&v=beta&t=YXald_cTqHiin2rchPGsjn5Zl6EoacccjmjWm5qJKqs,The_Accountability_Lab,downloaded_images/the-accountability-lab.png
The B Team,https://media-exp1.licdn.com/dms/image/C4E0BAQFYU0t3SRoZAw/company-logo_200_200/0?e=1608163200&v=beta&t=YILZEAprS5zTT5GI6H-o_uzcosjYWQ7ZzCXrlaXtxQM,The_B_Team,downloaded_images/the-b-team.jpeg
The Bristol Cable,https://media-exp1.licdn.com/dms/image/C4E0BAQFGhzi_D-OLng/company-logo_200_200/0?e=1608163200&v=beta&t=nyar1WI4Cw4WPiR0IvJL9ISAMlCWu1DItiywdge3Kww,The_Bristol_Cable,downloaded_images/the-bristol-cable.png
The Bureau of Investigative Journalism,https://media-exp1.licdn.com/dms/image/C560BAQH7U39Gmbi6CQ/company-logo_200_200/0?e=1608163200&v=beta&t=T8fG2qh-KlMEezHLYkw22cbQXv19cKf2Bikd9Lf_9R4,The_Bureau_of_Investigative_Journalism,downloaded_images/the-bureau-of-investigative-journalism.png
The Correspondent,https://media-exp1.licdn.com/dms/image/C560BAQHmRwli3j5bwQ/company-logo_200_200/0?e=1608163200&v=beta&t=2a9_Wxhdod38fGf8tt8hssTASLn5VkrzMBE8laiMhAs,The_Correspondent,downloaded_images/the-correspondent.png
The Democratic Society (Demsoc): Public Square,https://media-exp1.licdn.com/dms/image/C4D0BAQGT1lI1RW-epQ/company-logo_200_200/0?e=1608163200&v=beta&t=rg6wJCJ6w2aa1xxTQCUiKk54G0QEtiqbG51R-7xweyc,The_Democratic_Society_(Demsoc)_Public_Square,downloaded_images/the-democratic-society-demsoc-public-square.jpeg
The Federation,https://media-exp1.licdn.com/dms/image/C560BAQEFi_90UEb_TA/company-logo_200_200/0?e=1608163200&v=beta&t=YjCDpkcUI1RbFkHfx61qQxbw0tnWY8sjgg6mtRA7mZM,The_Federation,downloaded_images/the-federation.jpeg
The Ferret,https://media-exp1.licdn.com/dms/image/C510BAQGgoerUQefkEA/company-logo_200_200/0?e=1608163200&v=beta&t=8hiI0HbHIVJV6S6HKryJj_agQ07X8hFp5TzOIfsoP7g,The_Ferret,downloaded_images/the-ferret.png
The Governance Lab,https://media-exp1.licdn.com/dms/image/C4E0BAQGdTrrXLdN1mg/company-logo_200_200/0?e=1608163200&v=beta&t=zw3ocPCO4hfaGs1X6iAz2DsfWkwByoA6mg9xcnlgm54,The_Governance_Lab,downloaded_images/the-governance-lab.png
The University of Oxford Development Trust: Computational Propaganda,https://media-exp1.licdn.com/dms/image/C560BAQGE4gacwpXrjQ/company-logo_200_200/0?e=1608163200&v=beta&t=oD3iQ4iW0gH7CWK9kO5M_wOZ3iR8DLnhnRvPhtyZi90,The_University_of_Oxford_Development_Trust_Computational_Propaganda,downloaded_images/the-university-of-oxford-development-trust-computational-propaganda.png
The University of Oxford Development Trust: Governance of Emerging Technologies,https://media-exp1.licdn.com/dms/image/C560BAQGE4gacwpXrjQ/company-logo_200_200/0?e=1608163200&v=beta&t=oD3iQ4iW0gH7CWK9kO5M_wOZ3iR8DLnhnRvPhtyZi90,The_University_of_Oxford_Development_Trust_Governance_of_Emerging_Technologies,downloaded_images/the-university-of-oxford-development-trust-governance-of-emerging-technologies.png
Tides Advocacy: New Media Ventures c4 Ops,https://media-exp1.licdn.com/dms/image/C560BAQEteVOK_sQHNA/company-logo_200_200/0?e=1608163200&v=beta&t=li_xEByDBzHmwl624sZq2ST_dY_GXaClMv0f2GqDRXA,Tides_Advocacy_New_Media_Ventures_c4_Ops,downloaded_images/tides-advocacy-new-media-ventures-c4-ops.jpeg
Tides Foundation: New Media Ventures Education Fund (c3 Ops),https://media-exp1.licdn.com/dms/image/C560BAQFa6xtr_6CtjA/company-logo_200_200/0?e=1608163200&v=beta&t=_a4SBrwO6f36zhK5OvXhYL0ZpuOaTwxLwNTPWmE0Ltk,Tides_Foundation_New_Media_Ventures_Education_Fund_(c3 Ops),downloaded_images/tides-foundation-new-media-ventures-education-fund-c3-ops.png
Transparencia Mexicana,https://media-exp1.licdn.com/dms/image/C510BAQGHxX1_y5mKaQ/company-logo_200_200/0?e=1608163200&v=beta&t=R_7MZ69VWVLbaIvUGPLtLi7kia6jwj3vdwbNdPcVWyE,Transparencia_Mexicana,downloaded_images/transparencia-mexicana.png
Transparency International UK (TI-UK),https://media-exp1.licdn.com/dms/image/C4E0BAQHvKvwijcGDsQ/company-logo_200_200/0?e=1608163200&v=beta&t=Rk4snpGJeSJqpaOJ_aZOppWRwnY3SNsN6uXILl4Slyg,Transparency_International_UK_(TI-UK),downloaded_images/transparency-international-uk-ti-uk.png
Unite US,https://media-exp1.licdn.com/dms/image/C4D0BAQG6GZu_ppIXww/company-logo_200_200/0?e=1608163200&v=beta&t=NFi6KNapHYN1UmYzSR4vPeNvWU8-YV4Nb_Cl3Co7kKw,Unite_Us,downloaded_images/unite-us.png
United Nations Foundation: Verified,https://cdn.sanity.io/images/hx7jtc32/production/54bb78236062fe22f21b5e906ff84f874d32856d-902x171.png?w=600&fit=max&auto=format,United_Nations_Foundation_Verified,downloaded_images/united-nations-foundation-verified.png
University of North Carolina at Chapel Hill: Center for Information Technology and Public Life,https://media-exp1.licdn.com/dms/image/C4D0BAQE68OxmXDWiGg/company-logo_200_200/0?e=1608163200&v=beta&t=rP6Y1yXlBEb9Z8qDnyTH-bO7c65lQtiKbV7gh5o1j-o,University_of_North_Carolina_at_Chapel_Hill_Center_for_Information_Technology_and_Public_Life,downloaded_images/university-of-north-carolina-at-chapel-hill-center-for-information-technology-and-public-life.jpeg
University of the Witwatersrand Foundation: Civic Tech Innovation Network,https://media-exp1.licdn.com/dms/image/C4D0BAQErswpyTD7diw/company-logo_200_200/0?e=1608163200&v=beta&t=xwRVV0L82DeVL3wLAXNoRP5yQhqOMA93ka8MoL7Wigs,University_of_the_Witwatersrand_Foundation_Civic_Tech_Innovation_Network,downloaded_images/university-of-the-witwatersrand-foundation-civic-tech-innovation-network.jpeg
Univision,https://media-exp1.licdn.com/dms/image/C4E0BAQFAltGrkFLnqw/company-logo_200_200/0?e=1608163200&v=beta&t=gAPJcWLwSeLhk1UYoGMalY_KxROBbAVq9mA1AOUoruY,Univision,downloaded_images/univision.png
Update,https://www.institutoupdate.org.br/wp-content/uploads/2019/12/update_small.png,Update,downloaded_images/update.png
Upturn,https://media-exp1.licdn.com/dms/image/C510BAQENmwWiSxD8HQ/company-logo_200_200/0?e=1608163200&v=beta&t=gf5cqOszRcrm7Zja5f5cpi5V4Se8GpuP6NqskikOWgI,Upturn,downloaded_images/upturn.png
Urban Innovation Fund,https://media-exp1.licdn.com/dms/image/C4E0BAQG5hnRThLnPGA/company-logo_200_200/0?e=1608163200&v=beta&t=I6BWKYc9SIaj26MYWtcKEKkFEp7_Rcb3B77bfGH8-vo,Urban_Innovation_Fund,downloaded_images/urban-innovation-fund.png
Vox Public,https://www.voxpublic.org/IMG/siteon0.png?1479131620,Vox_Public,downloaded_images/vox-public.png
Washington Office on Latin America (WOLA),https://media-exp1.licdn.com/dms/image/C4E0BAQFS6vT7yCN8sA/company-logo_200_200/0?e=1608163200&v=beta&t=TP0nVIkg0Zjo-XSBQbnF0wKrheK7YWRIL1vAKRHHoiA,Washington_Office_on_Latin_America_(WOLA),downloaded_images/washington-office-on-latin-america-wola.png
Where is my Transport,https://media-exp1.licdn.com/dms/image/C4E0BAQGiRZUqWdewYg/company-logo_200_200/0?e=1608163200&v=beta&t=8I1UabSni6-_GASf2Dhv-i74f13inrdWWA3oaGyazZg,Where_is_my_Transport,downloaded_images/where-is-my-transport.png
Women's Legal Centre,https://media-exp1.licdn.com/dms/image/C510BAQF1-iu6JaTXtQ/company-logo_200_200/0?e=1608163200&v=beta&t=voqqGeP_906ZcEyVg8ubH3nYlBbFjStQUyFiPesHSos,Womens_Legal_Centre,downloaded_images/womens-legal-centre.png
World Wide Web Foundation (WF),https://media-exp1.licdn.com/dms/image/C560BAQFqNfjvrpuq3Q/company-logo_200_200/0?e=1608163200&v=beta&t=P5FXncLpHY3cr8B26IGLycvQm92l4GeaT11_53JLnKg,World_Wide_Web_Foundation_(WF),downloaded_images/world-wide-web-foundation-wf.png
Yangon Media Initiative,http://www.yangonjschool.org/wp-content/uploads/2020/06/yjs-logo-normal.png,Yangon_Media_Initiative,downloaded_images/yangon-media-initiative.png
Zenysis,https://media-exp1.licdn.com/dms/image/C560BAQHX8GjW1w1Kag/company-logo_200_200/0?e=1608163200&v=beta&t=BK6j83jd3OHdFOUUYSVDaOJTg-Lyu_wJ_NOmzhY0a5c,Zenysis,downloaded_images/zenysis.jpeg
amandla.mobi,https://media-exp1.licdn.com/dms/image/C560BAQHGKNBdXs50oA/company-logo_200_200/0?e=1608163200&v=beta&t=i-MjGf77ab7LoQs4PRUbPm8jjjMC3Cl9Es3mppI1UZc,amandla_mobi,downloaded_images/amandla-mobi.png
ccHub Growth Capital,https://media-exp1.licdn.com/dms/image/C4D0BAQFhnOT_miKtqg/company-logo_200_200/0?e=1608163200&v=beta&t=iqAmbvWeeJ_ljq_8hDrZEMVNLlcViJaFBdAPoEY_lrQ,ccHub_Growth_Capital,downloaded_images/cchub-growth-capital.jpeg
ePanstwo Foundation (ePF),https://media-exp1.licdn.com/dms/image/C510BAQEs_W0CMNizlw/company-logo_200_200/0?e=1608163200&v=beta&t=I3jmynpUZakkYoAJ8Zl0P7iK-w8OVRhkvap2InOf3Uc,ePanstwo_Foundation_(ePF),downloaded_images/epanstwo-foundation-epf.png
openDemocracy,https://media-exp1.licdn.com/dms/image/C4E0BAQETlZWHinCK3g/company-logo_200_200/0?e=1608163200&v=beta&t=_80NyW40Ht6H5Fu4yNb8FLGVGxW7JMFYBiMpgWFQk0E,openDemocracy,downloaded_images/opendemocracy.jpeg
