Organization,Logo_URL,Logo_FileName
Abraji - AssociaÁ„o Brasileira de Jornalismo Investigativo,https://media-exp1.licdn.com/dms/image/C560BAQFOaPf9kBkweA/company-logo_200_200/0?e=1608163200&v=beta&t=-xEaK9XVy0zHd7mGScsbw-U048prGE-vjPYOcYLedMM,Abraji - AssociaÁ„o_Brasileira_de_Jornalismo_Investigativo.jpg
Access Now,https://media-exp1.licdn.com/dms/image/C560BAQGaBWXrA9AgcA/company-logo_200_200/0?e=1608163200&v=beta&t=B1M0IVOD3jXwXzJ07G5vlUl0n5aE4Fh3ljjzsMBomds,Access_Now.jpg
Accountability Counsel,https://media-exp1.licdn.com/dms/image/C560BAQHAWbELAzwaVw/company-logo_200_200/0?e=1608163200&v=beta&t=X007Tcr3QNpoy1RmKVMX1MA0yGqiXF8PuL0hdNbsklM,Accountability_Counsel.jpg
Africa Check SA,https://media-exp1.licdn.com/dms/image/C4D0BAQGhJsOCE1S5dw/company-logo_200_200/0?e=1608163200&v=beta&t=S3_tkOmokvGg6aZoLkZQkAJ6dcWN3-8txJXS4vLcPEc,Africa_Check_SA.jpg
All Out,https://media-exp1.licdn.com/dms/image/C4E0BAQF0luWQNUdtPA/company-logo_200_200/0?e=1608163200&v=beta&t=YAqJGH08VtF2TfiHfpe-aU0E8tWWLCpZdKKay_fcOds,All_Out.jpg
Amalgamated Foundation: Emergent Fund,https://media-exp1.licdn.com/dms/image/C4E0BAQFxDUxjuLJi9g/company-logo_200_200/0?e=1608163200&v=beta&t=Vmf4ZnaqoT1VySN2-ld0gX6TOctNdo-5Nmh9JEf_k_M,Amalgamated_Foundation_Emergent_Fund.jpg
Amalgamated Foundation: Families and Workers Fund,http://www.amalgamatedfoundation.org/sites/default/files/footer-logo_0.png,Amalgamated_Foundation_Families_and_Workers_Fund.jpg
American Immigration Council: Justice Campaign,https://media-exp1.licdn.com/dms/image/C4E0BAQGB9-k2w44bOw/company-logo_200_200/0?e=1608163200&v=beta&t=LNEm6inSSbAqf_-I-JkB23TdwpJH1rqvYhVXRsJyQm4,American_Immigration_Council_Justice_Campaign.jpg
American University,https://media-exp1.licdn.com/dms/image/C560BAQE4K1MD6cCTjA/company-logo_200_200/0?e=1608163200&v=beta&t=woJBAxgC72x89l26mnb_0GnYXw1u6QPoLf52SAECGaE,American_University.jpg
Amnesty International: Amnesty Tech,https://media-exp1.licdn.com/dms/image/C510BAQEFUK8SBw_pkQ/company-logo_200_200/0?e=1608163200&v=beta&t=-ksjv59axFfPq80DY0L5GQKTc0Zbb8euivNUgmsCo5g,Amnesty_International_Amnesty_Tech.jpg
Anti-Defamation League: Center for Technology and Society,https://media-exp1.licdn.com/dms/image/C4D0BAQGIyJ5IqNqNJw/company-logo_200_200/0?e=1608163200&v=beta&t=5DWhpti0iWagcSTluI3Y7kU3l86r5nEah43vIr5OA3c,Anti-Defamation_League_Center_for_Technology_and_Society.jpg
Aspen Kyiv Institute: Good Governance Program,https://media-exp1.licdn.com/dms/image/C560BAQFbPMD_tvCncA/company-logo_200_200/0?e=1608163200&v=beta&t=detGarUwj5knS7vg0ZAqGUczk72KlBvQQwtwcx3Ljik,Aspen_Kyiv_Institute_Good_Governance_Program.jpg
"Association for Computing Machinery: Conference on Fairness, Accountability, and Transparency",https://media-exp1.licdn.com/dms/image/C4E0BAQFzhT4IRruUUg/company-logo_200_200/0?e=1608163200&v=beta&t=yNJyY_TBRZmV3YwCKo1m9sv1_Es1JegE57x1rrYvPS0,Association_for_Computing_Machinery_Conference_on_Fairness_ Accountability_ and_Transparency.jpg
Avalanche,https://media-exp1.licdn.com/dms/image/C560BAQGVgxLfOShf9A/company-logo_200_200/0?e=1608163200&v=beta&t=OHsxWDyhe8OS605GObKAYYwNydkbjANSaz39PGAWWM0,Avalanche.jpg
Avina Americas: ALTEC,https://altec.lat/wp-content/uploads/2017/02/Logo_Color_Altec.png,Avina_Americas_ALTEC.jpg
Black Stripe Foundation: Big Debate,https://elections.osf.org.za/wp-content/uploads/2019/04/Black-Stripe-Media-Foundation-the-big-debate-OSF-SA-grantee-Open-Society-Foundation-for-South-Africa-Grantee-Directory-400x213.jpg,Black_Stripe_Foundation_Big_Debate.jpg
BudgIT,https://media-exp1.licdn.com/dms/image/C510BAQHloYI4JMStBw/company-logo_200_200/0?e=1608163200&v=beta&t=wvQjBENG5bZ49w6cj8Y8TqL3d2vXtXIL4O-bY_Qmhrk,BudgIT.jpg
California Immigrant Policy Center (CIPC): Immigrant Strategic Messaging Project,https://caimmigrant.org/wp-content/uploads/2019/05/CIPC-Full-Square-Logo-Color-Orange-Grey.png,California_Immigrant_Policy_Center_(CIPC)_Immigrant_Strategic_Messaging_Project.jpg
Campaign Bootcamp,https://media-exp1.licdn.com/dms/image/C4D0BAQHw5zufbq69iQ/company-logo_200_200/0?e=1608163200&v=beta&t=0SWnZFi6H2Jmk4rGTsS5M7AFjngm6aFb2Z4xu4gmVvY,Campaign_Bootcamp.jpg
Center for Cultural Power,https://www.culturalpower.org/static/images/logos/logo-multicolor-text-white.svg,Center_for_Cultural_Power.jpg
"Center for Democracy, Development and the Rule of Law (CDDRL)",https://media-exp1.licdn.com/dms/image/C4E0BAQFR5mii-iL7yw/company-logo_200_200/0?e=1608163200&v=beta&t=alRVGEM8ANg--pYla30LJ6X17vGkGS5NDgVupX3b7vY,Center_for_Democracy_Development_and_the_Rule_of_Law_(CDDRL).jpg
Center for New American Security (CNAS),https://media-exp1.licdn.com/dms/image/C560BAQGNXOINajE5WQ/company-logo_200_200/0?e=1608163200&v=beta&t=aCbvKnAtVRDmkVW6IXCJP9wgX9406XudvJcJdi6yZZw,Center_for_New_American_Security_(CNAS).jpg
Centre UA,N/A,N/A
Change.org,https://media-exp1.licdn.com/dms/image/C4E0BAQFSkSrvACRYUw/company-logo_200_200/0?e=1608163200&v=beta&t=khdAZEtPsTP79ijZWpN9n-C8tMvoTZU-gbnYTP8gaaE,Change_org.jpg
Chequeado,https://media-exp1.licdn.com/dms/image/C4D0BAQGaMow7RLnslA/company-logo_200_200/0?e=1608163200&v=beta&t=6NPDROIHti7-UNL5XpkbHeHxKeVfubLiJb8Q9R34Lo8,Chequeado.jpg
Civic Hall,https://civichall.org/wp-content/themes/civic-hall/images/ch-logo-hi.png,Civic_Hall.jpg
Civix,https://media-exp1.licdn.com/dms/image/C4D0BAQFK6RHjRLJQoA/company-logo_200_200/0?e=1608163200&v=beta&t=tAegG0EnhY7IS1Domra6qaBvtmPchg1YIjFPYHLKcAs,Civix.jpg
Code for America (CfA),https://media-exp1.licdn.com/dms/image/C560BAQEfB_0_-QMDdA/company-logo_200_200/0?e=1608163200&v=beta&t=dGXT63fNS70ylfq3hkAXck5LxxiWykfkYqwFcx9ftIg,Code_for_America_(CfA).jpg
Colab.re,https://media-exp1.licdn.com/dms/image/C4E0BAQHJavJtdVSJSw/company-logo_200_200/0?e=1608163200&v=beta&t=2QslSlbJ9m-bkDSlBqX2KuoBt8Oq33V-yX15yvatqmU,Colab.re.jpg
Color of Change Education Fund,https://media-exp1.licdn.com/dms/image/C4D0BAQG6nXKQ5DMS4Q/company-logo_200_200/0?e=1608163200&v=beta&t=nF82U_blV7h2-a87cvZ0xix_mBAGI52__GEUGX5lPiQ,Color_of_Change_Education_Fund.jpg
Conectas,https://media-exp1.licdn.com/dms/image/C4D0BAQHHf1yEUTpkdg/company-logo_200_200/0?e=1608163200&v=beta&t=1auuYCL9deBgeNjf1_8iyLajkqbWEcr5Hi-l6M8IiK0,Conectas.jpg
Connected Development (CODE),https://media-exp1.licdn.com/dms/image/C510BAQEmV7knQYHg3w/company-logo_200_200/0?e=1608163200&v=beta&t=7XORLRrtppBTMAPqXNK1Fk-L9RCA_4dNRVfGl4QTzEo,Connected_Development_(CODE).jpg
Correctiv,https://media-exp1.licdn.com/dms/image/C560BAQERBMX607YweA/company-logo_200_200/0?e=1608163200&v=beta&t=WnxwGv10vTn1rGto2gMXYXzViuUSv41TPOv_ul6p5aA,Correctiv.jpg
Data and Society Research Institute,https://media-exp1.licdn.com/dms/image/C4E0BAQG1vCjzOODULw/company-logo_200_200/0?e=1608163200&v=beta&t=6Hmq3ykyO6G7yo4D4cb9zYRsgmorj3tZmGC2x1EvPqY,Data_and_Society_Research_Institute.jpg
Define American,https://media-exp1.licdn.com/dms/image/C560BAQEMj1dPywBFYQ/company-logo_200_200/0?e=1608163200&v=beta&t=qblOWSQMpe87nQUvrTXWpU7PInxcOFE9dn_lgl1CbA4,Define_American.jpg
Democracy Club,https://media-exp1.licdn.com/dms/image/C4D0BAQG5MmdrRFxG1w/company-logo_200_200/0?e=1608163200&v=beta&t=22ij-wuTPY3aULii7gYx_GsFbduoNl6K0Qncf32Y7aA,Democracy_Club.jpg
Democracy Works,https://media-exp1.licdn.com/dms/image/C560BAQGjdNMwOJvFaA/company-logo_200_200/0?e=1608163200&v=beta&t=JmVnztwSkTC-8hT9fQJbfLLnH1JuA1lvmwyQ5Oae2uI,Democracy_Works.jpg
Digital Freedom Fund (DFF),https://media-exp1.licdn.com/dms/image/C4D0BAQEJzJifKsw09w/company-logo_200_200/0?e=1608163200&v=beta&t=A1JRAJldOR8sAR2SxwtxF86u5cy7oWDWQWLVjIb_wvM,Digital_Freedom_Fund_(DFF).jpg
Directorio Legislativo,https://media-exp1.licdn.com/dms/image/C560BAQEc8iEfQhSS0Q/company-logo_200_200/0?e=1608163200&v=beta&t=WZKBagjRfRpz1n9rSIMZJ8QGcYFVC2jt3zPTM4aPGN8,Directorio_Legislativo.jpg
DoSomething.org,https://media-exp1.licdn.com/dms/image/C4D0BAQFsXEfTNmqfYQ/company-logo_200_200/0?e=1608163200&v=beta&t=vWHsBFoZUkdP83yOglC6A4t49bISoMtCPSllKsIGYSQ,DoSomething.org.jpg
DÈmocratie Ouverte,https://media-exp1.licdn.com/dms/image/C4E0BAQESsLEiAFm8fA/company-logo_200_200/0?e=1608163200&v=beta&t=VTld8gyNOVC_bTZoV3EdYpr5hIgVHGZqGps6d8hQh78,Démocratie_Ouverte.jpg
East West Management Institute,https://media-exp1.licdn.com/dms/image/C4D0BAQELL4eM5rYLmA/company-logo_200_200/0?e=1608163200&v=beta&t=MY9IqOHC6rfUOIxSkFg5f_-bMg_vLaKVNiAw24N7Aj8,East_West_Management_Institute.jpg
Elucd,https://media-exp1.licdn.com/dms/image/C4D0BAQGzc8_JHAt6gg/company-logo_200_200/0?e=1608163200&v=beta&t=HpZk7i7e4OjGWXgczWpcGcorHHwG53P6OZBfii52G38,Elucd.jpg
European Digital Rights (EDRi),https://media-exp1.licdn.com/dms/image/C4D0BAQEceD_c-eP7nA/company-logo_200_200/0?e=1608163200&v=beta&t=8r0R-XFJ_bTzXSvo6fZGB6rYK1yWBGVnx13l6USJ84s,European_Digital_Rights_(EDRi).jpg
European Press Prize,https://media-exp1.licdn.com/dms/image/C4D0BAQEw1sWCLZZm4g/company-logo_200_200/0?e=1608163200&v=beta&t=GRhvhnnghoMpuYhIWwOoUO1D5BMF9Tlt7LWtJb8Uh-U,European_Press_Prize.jpg
Fast Forward: Raheem.ai,https://media-exp1.licdn.com/dms/image/C4E0BAQHGjHFez8B9xw/company-logo_200_200/0?e=1608163200&v=beta&t=mhxRIvJ6We2-UmCDwLrLkASHKfGD9Zwkyhp7imKuYdc,Fast_Forward_Raheem.ai.jpg
Finance Uncovered,https://i1.wp.com/www.financeuncovered.org/wp-content/uploads/2015/04/logo-slightly-larger.png?fit=135%2C35&ssl=1,Finance_Uncovered.jpg
Financial Transparency Coalition (FTC),https://media-exp1.licdn.com/dms/image/C560BAQGiiwKKqF9h3g/company-logo_200_200/0?e=1608163200&v=beta&t=q2-tnxqNo8l5jcaHcNkl5jPM88z_2VmqhamWxJyLShY,Financial_Transparency_Coalition_(FTC).jpg
Foxglove,https://static1.squarespace.com/static/5d21ce213e9b1b000172b85f/t/5d21ce9ea6c12f0001a035fb/1600098897867/?format=1500w,Foxglove.jpg
Freedom Voices Network,https://media-exp1.licdn.com/dms/image/C4E0BAQFOz-jdtqFQ5A/company-logo_200_200/0?e=1608163200&v=beta&t=sKXlIHNFXBvXByrjwQDM6EPwSwCD93ggRoj46SBODV0,Freedom_Voices_Network.jpg
Frontier Myanmar,https://media-exp1.licdn.com/dms/image/C510BAQGuLCahtWvsww/company-logo_200_200/0?e=1608163200&v=beta&t=OZsoYDcXGF2YqO6UyG4YrTqvj77sWZFpxECVuxYZlBo,Frontier_Myanmar.jpg
Full Fact,https://media-exp1.licdn.com/dms/image/C4D0BAQEeLbxjSDhKzw/company-logo_200_200/0?e=1608163200&v=beta&t=rD2etSJIk4r6WSY_lAOKFdZ1cKEFeRF0KuxzdxGVPJk,Full_Fact.jpg
Fund for Constitutional Government: Anti-Corruption Data Collective,http://www.fcgonline.org/wp-content/uploads/2017/11/FCG-logo-11.jpg,Fund_for_Constitutional_Government_Anti-Corruption_Data_Collective.jpg
Fund for the City of New York: Open Contracting Partnership,https://media-exp1.licdn.com/dms/image/C4E0BAQFvJDem3SaqTQ/company-logo_200_200/0?e=1608163200&v=beta&t=WXI-BmBoLwg75NQt5PTxLFK6Yqbn3Iu3zWX9uzhXYxA,Fund_for_the_City_of_New_York_Open_Contracting_Partnership.jpg
Fund for the City of New York: Open Data Charter,https://media-exp1.licdn.com/dms/image/C560BAQHXBqV2AHi9bA/company-logo_200_200/0?e=1608163200&v=beta&t=9rd9Fxffn-cKEThV_4HJqmRuifj6uDogCJFLOVi3xic,Fund_for_the_City_of_New_York_Open_Data_Charter.jpg
FundaciÛn Mi Sangre (FMS),https://media-exp1.licdn.com/dms/image/C4D0BAQHKJEiRCgJkuA/company-logo_200_200/0?e=1608163200&v=beta&t=Wc8vHSZKYrjOdkTpAMo09bADFiVbyjv8oJuYLsEjEdI,FundaciÛn_Mi_Sangre_(FMS).jpg
FundaciÛn para la Libertad de Prensa (FLIP),https://flip.org.co/images/id.svg,FundaciÛn_para_la_Libertad_de_Prensa_(FLIP).jpg
Fuse Corps,https://media-exp1.licdn.com/dms/image/C4E0BAQEt-Ii-oAZ7kw/company-logo_200_200/0?e=1608163200&v=beta&t=qiy5CrfiXQh0DuXqjR2ge899vlMJdia5B4bDol515IQ,FUSE_Corps.jpg
GFF (Gesellschaft f¸r Freiheitsrechte),https://media-exp1.licdn.com/dms/image/C560BAQGLyIswBUYXXQ/company-logo_200_200/0?e=1608163200&v=beta&t=jsSPLaedpgAHFiHTYlX2UP4f9QqesA8l0NdiYhFH7es,GFF_(Gesellschaft f¸r Freiheitsrechte).jpg
Georgetown University: Center on Privacy and Technology,https://media-exp1.licdn.com/dms/image/C4D0BAQGCQcIGsHv-Mw/company-logo_200_200/0?e=1608163200&v=beta&t=2VCX2eSUQLHHFWn9NThDy2c_SnHoTwAP0OEcMPwOJwk,Georgetown_University_Center_on_Privacy_and_Technology.jpg
"Georgetown University: Initiative on Innovation, Development and Evaluation",https://gui2de.georgetown.edu/wp-content/themes/custom/whitehaven-nu/build/img/seal-sm-2x.png,Georgetown_University_Initiative_on_Innovation_Development_and_Evaluation.jpg
Global Disinformation Index,https://media-exp1.licdn.com/dms/image/C4D0BAQExnvs498buaQ/company-logo_200_200/0?e=1608163200&v=beta&t=fjPtj7Nj8sVLcUPPtPyJ4pW44nBS6cvYRkPqkv0-dqg,Global_Disinformation_Index.jpg
Global Initiative for Fiscal Transparency (GIFT),https://media-exp1.licdn.com/dms/image/C4E0BAQH3zcXgFAyV7Q/company-logo_200_200/0?e=1608163200&v=beta&t=fUUimOeattlBifVHkR3YEuPa7B0hXMLqgPKJhMUx-EM,Global_Initiative_for_Fiscal_Transparency_(GIFT).jpg
Global Press Institute,https://media-exp1.licdn.com/dms/image/C4E0BAQHD2TZNJHkn5g/company-logo_200_200/0?e=1608163200&v=beta&t=AxzzavK-uH4vBkJhPSMt5wmG74E7hi06mfp52SKICJY,Global_Press_Institute.jpg
Global Witness,https://media-exp1.licdn.com/dms/image/C560BAQHK5N2UsmIuDw/company-logo_200_200/0?e=1608163200&v=beta&t=n2fG0PLflbwca15VkRfMRcSPkzTINkYXi1pjxR19Wvg,Global_Witness.jpg
Good Films Impact: Just Mercy,N/A,N/A
HNK Legal,https://media-exp1.licdn.com/dms/image/C4D0BAQH__cI4FHHPvw/company-logo_200_200/0?e=1608163200&v=beta&t=NX5fs8qOMWA2a7Kvmb-vseB2t7Sv88qbep04LwkL0EA,HNK_Legal.jpg
HiviSasa,https://media-exp1.licdn.com/dms/image/C4E0BAQHgk1LJ5bI_yQ/company-logo_200_200/0?e=1608163200&v=beta&t=pTITEanexAwFdvIO0MBDTkRSzDGKSRLWGkhQT0fJK5c,HiviSasa.jpg
IDFI,https://idfi.ge/public/images/l/idfi_logo_en_l.png,IDFI.jpg
Ideas42,https://media-exp1.licdn.com/dms/image/C4D0BAQH5EJywLtaB3w/company-logo_200_200/0?e=1608163200&v=beta&t=OdJMwUmcuBdJTbPkef3JOJWbIvMGODZ6qy-rpmfaL6w,Ideas42.jpg
IgarapÈ Inc.,https://media-exp1.licdn.com/dms/image/C4D0BAQFe_l_gdz0iSA/company-logo_200_200/0?e=1608163200&v=beta&t=k6S-jZMHfwkkZZfeRCr2gsf9um6q8rsESNwvNw2MK5c,IgarapÈ_Inc.jpg
Iniciativa Latinoamericana por los Datos Abiertos (ILDA),https://media-exp1.licdn.com/dms/image/C4E0BAQGL5-PPIrpqgA/company-logo_200_200/0?e=1608163200&v=beta&t=qTK4600v7eijUG7IC9etpeDZZgqPprUSYGqywvJdbI4,Iniciativa_Latinoamericana_por_los_Datos_Abiertos_(ILDA).jpg
Institute for Strategy and Policy,https://www.ispmyanmar.com/wp-content/uploads/2020/08/Logo.png,Institute_for_Strategy_and_Policy.jpg
Instituto de Tecnologia e Sociedade do Rio de Janeiro (ITS),https://media-exp1.licdn.com/dms/image/C4E0BAQGwbFlInI8pYw/company-logo_200_200/0?e=1608163200&v=beta&t=JDhwAS7YqaOldu1yjhECTAOTxIXcDncY5hRqOLeI3qQ,Instituto_de_Tecnologia_e_Sociedade_do_Rio_de_Janeiro_(ITS).jpg
International Budget Partnership (IBP),https://media-exp1.licdn.com/dms/image/C4E0BAQHLtrw65hA-EQ/company-logo_200_200/0?e=1608163200&v=beta&t=9_4Q9f6ovhRLTcukG3m_Sb-MfJ4FDBSeKYkZy9KiUsc,International_Budget_Partnership_(IBP).jpg
International Budget Partnership (IBP): Global Initiative for Fiscal Transparency (GIFT),https://media-exp1.licdn.com/dms/image/C4E0BAQH3zcXgFAyV7Q/company-logo_200_200/0?e=1608163200&v=beta&t=fUUimOeattlBifVHkR3YEuPa7B0hXMLqgPKJhMUx-EM,International_Budget_Partnership_(IBP)_Global_Initiative_for_Fiscal_Transparency_(GIFT).jpg
International Center for Journalists (ICFJ),https://media-exp1.licdn.com/dms/image/C4E0BAQGSSeJJtbe_pw/company-logo_200_200/0?e=1608163200&v=beta&t=yhrPdrVQ-rwZd3DVPp26gZ3bCWRqyUTetecxRJe47AQ,International_Center_for_Journalists_(ICFJ).jpg
International Consortium of Investigative Journalists (ICIJ),https://media-exp1.licdn.com/dms/image/C510BAQEj-ar_LVb4oA/company-logo_200_200/0?e=1608163200&v=beta&t=7NC_SQslDQ8TJnt8TE1bDWIqZob5GyaujwVK6W4ZJ1c,International_Consortium_of_Investigative_Journalists_(ICIJ).jpg
International Women's Media Foundation,https://media-exp1.licdn.com/dms/image/C4E0BAQG2L3zjdP50gw/company-logo_200_200/0?e=1608163200&v=beta&t=Nhrx7Dyx4Xcqd4cIf9AurQeoQQZqxOQzhUseVmpXGe4,International_Womens_Media_Foundation.jpg
InternetLab,https://media-exp1.licdn.com/dms/image/C4D0BAQFTeSJzRwd_2A/company-logo_200_200/0?e=1608163200&v=beta&t=tdZztrT1p_QKvfqAB8kmlRZiUYdDK160VNYBzsDzzvI,InternetLab.jpg
Internews,https://media-exp1.licdn.com/dms/image/C4E0BAQGRmoOmXK67Ew/company-logo_200_200/0?e=1608163200&v=beta&t=PkPSqVU00JpyG83xsm91r2aF-aN7oOaYyGb5xaBC0Z4,Internews.jpg
Irish Council for Civil Liberties,https://media-exp1.licdn.com/dms/image/C4D0BAQGXD3nE_kfYCQ/company-logo_200_200/0?e=1608163200&v=beta&t=D4N72BkPuIT_UvRXqsErlCmGITMmiieUVWF58v1zTN4,Irish_Council_for_Civil_Liberties.jpg
Journalism Development Network: Organized Crime and Corruption Reporting Project (OCCRP),https://media-exp1.licdn.com/dms/image/C4D0BAQHmHb3nrQlr9Q/company-logo_200_200/0?e=1608163200&v=beta&t=3OTQi8cMHV4MObgzIAoXd0P8TiGuTzmOLd0mKgwjnQU,Journalism_Development_Network_Organized_Crime_and_Corruption_Reporting_Project_(OCCRP).jpg
Katiba Institute,https://media-exp1.licdn.com/dms/image/C4E0BAQEFxH99oinMVg/company-logo_200_200/0?e=1608163200&v=beta&t=-UPZi0wLMznXB667jA26j5sQL6z0jbg956vbgFoRwzM,Katiba_Institute.jpg
King Baudouin Foundation US: CODA,https://media-exp1.licdn.com/dms/image/C4E0BAQFF4WzQ5rBElQ/company-logo_200_200/0?e=1608163200&v=beta&t=yeU6DgszCZjX2E3L6MbJ1Sz07KibNC7EUEKgatrk_Yk,King_Baudouin_Foundation_US_CODA.jpg
Liberty,https://media-exp1.licdn.com/dms/image/C4D0BAQGOgodJWsBMAA/company-logo_200_200/0?e=1608163200&v=beta&t=rFMpVzqGjI1eR9v72fTOQqCwwVKeemQ7QfDAw1a7Tmk,Liberty.jpg
Lightbox Africa,https://media-exp1.licdn.com/dms/image/C560BAQEZVJGfA8slEw/company-logo_200_200/0?e=1608163200&v=beta&t=bUTshJN2PIZASTzpTDDF11FyzZL2awzhkSAnJ8igrwk,Lightbox_Africa.jpg
Local Development Research Institute (LDRI): Open Government Partnership (OGP),https://media-exp1.licdn.com/dms/image/C4D0BAQH2iNTHmNHNiw/company-logo_200_200/0?e=1608163200&v=beta&t=F9QbVzKkU1iLytIbQajQSDhc1t7VceAigGCfqwxdqvU,Local_Development_Research_Institute_(LDRI)_Open_Government_Partnership_(OGP).jpg
Magamba Network,http://magambanetwork.com/wp-content/uploads/2016/12/logo-med.png,Magamba_Network.jpg
McGill University,https://media-exp1.licdn.com/dms/image/C510BAQFvv1npMZWzKA/company-logo_200_200/0?e=1608163200&v=beta&t=UAdN2NGEJBB-oX-3nlFBZT5QLe7g39RAcND8k6NxrN0,McGill_University.jpg
MedConfidential,https://medconfidential.org/wp-content/uploads/2017/03/medConfidential_WordPress_header.jpg,MedConfidential.jpg
Media Development Investment Fund (MDIF),https://media-exp1.licdn.com/dms/image/C510BAQE1HU1MXgDasA/company-logo_200_200/0?e=1608163200&v=beta&t=Ddmt3cOznrG8C106b0luTTNrXgSOBhoBwowLILeibC0,Media_Development_Investment_Fund_(MDIF).jpg
Media Development Investment Fund (MDIF): Membership Puzzle Project,https://media-exp1.licdn.com/dms/image/C510BAQE1HU1MXgDasA/company-logo_200_200/0?e=1608163200&v=beta&t=Ddmt3cOznrG8C106b0luTTNrXgSOBhoBwowLILeibC0,Media_Development_Investment_Fund_(MDIF)_Membership_Puzzle_Project.jpg
Media Legal Defence Intiative (MLDI),https://media-exp1.licdn.com/dms/image/C4D0BAQFqmVjROBxZeA/company-logo_200_200/0?e=1608163200&v=beta&t=UDTE9cncl_QabaYpBOZ-Kuihmm00W4d8766m_IX_zDc,Media_Legal_Defence_Intiative_(MLDI).jpg
Media Monitoring Africa,https://mediamonitoringafrica.org/wp-content/uploads/2019/04/logo.png,Media_Monitoring_Africa.jpg
Memria,"https://user-images.strikinglycdn.com/res/hrscywv4p/image/upload/c_limit,fl_lossy,h_300,w_300,f_auto,q_auto/1072980/qso5pc8y7vfsy9f9ydee.png",Memria.jpg
Metta: Barazi Media Lab,https://media-exp1.licdn.com/dms/image/C4D0BAQG3PjtwQd7c8Q/company-logo_200_200/0?e=1608163200&v=beta&t=psCxoACs4VE44O6XKTq3xzbogoe7mvjIzkEUBpONtU0,Metta_Barazi_Media_Lab.jpg
More In Common,https://media-exp1.licdn.com/dms/image/C560BAQGt5kFQ7wO7Yw/company-logo_200_200/0?e=1608163200&v=beta&t=O1hO0RwOtoo2hub32YC_F98NITYxzg9DcPFvtNPkNjE,More_In_Common.jpg
Mozilla Foundation,https://media-exp1.licdn.com/dms/image/C4E0BAQGHz8JwrMTQ0A/company-logo_200_200/0?e=1608163200&v=beta&t=gsh-tIltCNDEwCGnD8dk49uOlovF5Rrm9jcI75WoHmA,Mozilla_Foundation.jpg
NEO Philanthropy: Four Freedoms Fund,https://media-exp1.licdn.com/dms/image/C560BAQEo7xX6KYxjnA/company-logo_200_200/0?e=1608163200&v=beta&t=C7stRx54zZIqu4xyzS2tIxfBxLyYQZM9nI1STO9al98,NEO_Philanthropy_Four_Freedoms_Fund.jpg
Namati,https://media-exp1.licdn.com/dms/image/C4E0BAQGddgC6MslSmA/company-logo_200_200/0?e=1608163200&v=beta&t=ksGvpvDSEWS73RXD7rnw9yxiktx2BQdqDIHM3W3mRMo,Namati.jpg
NationBuilder,https://media-exp1.licdn.com/dms/image/C560BAQE4QZNBzBubKg/company-logo_200_200/0?e=1608163200&v=beta&t=kC8fIt9r1QhqtZjYni4z4DJoKxQyS8eXyevspCzYta4,NationBuilder.jpg
National Conference on Citizenship,https://media-exp1.licdn.com/dms/image/C4D0BAQGHcOtLschnCg/company-logo_200_200/0?e=1608163200&v=beta&t=j4JbDsArsMIHo-OScJ9EDHIlCB5c2lH6OF6U_8e7P8w,National_Conference_on_Citizenship.jpg
Natural Resource Governance Institute (NRGI),https://media-exp1.licdn.com/dms/image/C4D0BAQFQ4JtgJh52Pw/company-logo_200_200/0?e=1608163200&v=beta&t=0FDFcpXXtOh_vulfEFEo-pMlyUU_zA5TsAa4snivx2E,Natural_Resource_Governance_Institute_(NRGI).jpg
Network of European Foundations: Civitates Fund,https://media-exp1.licdn.com/dms/image/C4D0BAQGzP9jksFqmHg/company-logo_200_200/0?e=1608163200&v=beta&t=MXCrWAlZPNzlIjIuK9lg7MP6VkdUMtpnxPq9b3IG3To,Network_of_European_Foundations_Civitates_Fund.jpg
New America Foundation (NAF): Ranking Digital Rights,https://media-exp1.licdn.com/dms/image/C4E0BAQGrZqqrQKOXnA/company-logo_200_200/0?e=1608163200&v=beta&t=KcPHhND84Mjot6YRKHs5WHMT6qtTDLBbX1susdk9kAU,New_America_Foundation_(NAF)_Ranking_Digital_Rights.jpg
New Mode,https://media-exp1.licdn.com/dms/image/C4D0BAQGEbcUD7TWFqQ/company-logo_200_200/0?e=1608163200&v=beta&t=eJtzeDWN3iVCzHNh7LYtZpdGCqQgSoDs3fCRofo6GLU,New_Mode.jpg
New Venture Fund: Digital Action,https://media-exp1.licdn.com/dms/image/C4E0BAQE48LyTw4C5ng/company-logo_200_200/0?e=1608163200&v=beta&t=8ONS82XcliOQ2uMOFD2v7SMO1oOzwqm-dZ5ZCC2Ml2s,New_Venture_Fund_Digital_Action.jpg
New York University: Cybersecurity,https://media-exp1.licdn.com/dms/image/C4D0BAQF6TmzLkch0dQ/company-logo_200_200/0?e=1608163200&v=beta&t=uBp49_7JmmkpFd8QWxlkg-6i6WrBpccw9ODe59qIA-A,New_York_University_Cybersecurity.jpg
New York University: Membership Puzzle Project,https://media-exp1.licdn.com/dms/image/C4D0BAQF6TmzLkch0dQ/company-logo_200_200/0?e=1608163200&v=beta&t=uBp49_7JmmkpFd8QWxlkg-6i6WrBpccw9ODe59qIA-A,New_York_University_Membership_Puzzle_Project.jpg
Nexo,https://media-exp1.licdn.com/dms/image/C4D0BAQF9GwGMiv7vcA/company-logo_200_200/0?e=1608163200&v=beta&t=Zk2gudbgZEsJShTMfOSYCdZtBiTXMWIf8kzie4PBI64,Nexo.jpg
NextRequest,https://media-exp1.licdn.com/dms/image/C560BAQEUUR0k0K2SqA/company-logo_200_200/0?e=1608163200&v=beta&t=LLdhWnZ3r1y0DsXOLeW-VcF1IPcEwwcR4RT_a2Qx1xc,NextRequest.jpg
Nossas,https://s3.amazonaws.com/hub-central/uploads/1592858486_1502480863_nossas2.png,Nossas.jpg
Open Cities Lab,https://media-exp1.licdn.com/dms/image/C510BAQFFN_v8tP5EZw/company-logo_200_200/0?e=1608163200&v=beta&t=aDt4mOdw4MMuIh5BOX6PqRPSCZf9ETdUzIF2fB7W8T4,Open_Cities_Lab.jpg
Open Data Institute (ODI),https://media-exp1.licdn.com/dms/image/C4D0BAQEaupXulJvQSw/company-logo_200_200/0?e=1608163200&v=beta&t=2EJxfoY2BIgcnLM1vK16H4hRCi4r507tFR_TtSnwx8k,Open_Data_Institute_(ODI).jpg
Open Data Manchester,https://media-exp1.licdn.com/dms/image/C4D0BAQFO0O-O47tKaA/company-logo_200_200/0?e=1608163200&v=beta&t=cKJSLZmZSKdElXPjUO2pl1HPrcLuaWx7G87R4w-ou-E,Open_Data_Manchester.jpg
Open Government Partnership (OGP),https://media-exp1.licdn.com/dms/image/C4E0BAQHfqxQDmjbEPw/company-logo_200_200/0?e=1608163200&v=beta&t=BwOsI6KJGJLsI7DGykyyveglWD6air0kTzJ_MYNRWKQ,Open_Government_Partnership_(OGP).jpg
Open Institute,https://media-exp1.licdn.com/dms/image/C4E0BAQGNUdEB9NAvXg/company-logo_200_200/0?e=1608163200&v=beta&t=qlt54Xrq25OvFVUTwBgO9mrDB7UCZbVa9s6Ip9r9JM0,Open_Institute.jpg
Open Knowledge Foundation Germany,"data:image/png;base64,iVBORw0KGgoAAAANSUhEUgAAAUgAAACaCAMAAAD8SyGRAAAAe1BMVEX///8AAAD4+Pjw8PD09PT8/Pze3t7CwsKfn5/k5OS+vr6urq7r6+va2tqpqamLi4vS0tJjY2OEhIRzc3OXl5d6enomJiYRERGYmJg4ODjMzMxpaWm2traIiIg5OTlLS0tcXFwYGBguLi4qKipUVFQdHR1BQUFJSUkLCwujHlA3AAAVs0lEQVR4nO1diZaiOhBlEUVEdlQWW9z9/y98qUolbMG22543Tss9Z6ZBAoZLpdYENW3EiBEjRowYMWLEiBEjRoz4H7Czp3+7C78Cgc4wGTh42v6vffmnkTAejwPHPF3P3P+1N/8CLHOe5/2PPxiRkfqMOQir/md79Q8CRG/X+9QArmbqM45wzPnD3fr3wMapnvHN5SxwDb7pAFmG8oQUDsX/U+/+IeT1OI3ZVsE3U6WcAmbQ/vw/de5fwrImMmRbCd9cs82NqvkEFeToGfXhAjHcBu/Ylo1baE+WqubQhhqNaKPmbMW2StzyhuzyBg6c/r/O/UsAavLOVlVry8BqtEU9MGCE3hVT+4O7NwdGzQK3atnU5WdsM6mJu9Vcj+AAhzvFrZOwK7W2DGq9iYN8TicV+rCb/q5IpBNTCHJq+w0HV7wdmO8rnVPqtc85ghBISfPZRggbtUd5kYJXNsYySqw+BtkdACkebNhC5kohh5M6Plw1ZPCjoTlHSMCIrmCjFHkeW0QzGB9acovCapBcYcpH1CgFW4EY0b6gNpV6MavDQWx2s1SXelcsUP25QvtNBaOxMORnYcdRa3IXHdNB6mDnPWF5ezIYkA2DTLcpzM6JQu06PrzWAQ646CIQH6GRIGISDEbyATbgk0DjthrMj4wPA2mQ+GeXv9Tn10QqfJhcbAiDIsZxKIzKSQokT4qbf63TrwgUSVSFwpu5XsMUJNKPqz37a4nP0UHniZ4xKa5ALISr0pUJMTMkSa2kFzQmxVVwRcA8s+cDTZZgs+fSvIxJcQavbyHix/QdNoPK9idJ8fdIBjG3+6PrRDNRyx7Qd5a3RveIO0FDSfFg/xbRN4Yvhzqf6KG/sx2os/bgAUcQOQ4mxaNGcug3A10c/UxTT6zwG9lEnhRXT14Jzvo9af1NwPhP5L4O34nyQhFK9hHxix+GL2ksp1KxGBMGsWOZiAnt8EYTc2iy0V9DJQcvd6V55hGE69FRXcMeEGMSxztxY4Alx4p8A057xkN3esD8sTpk+8KXSy6xgK4QkuDeaqO7+fjOI19ibs2q2kZLiOOQC6VpCyKL5JmFpPu1iDkFkditGeU8Yyp+vAwwDSFlb8IlJ3jumtahVWQI1p+JI3C1DrgTio/PB+/eOPKgcyqCeMCM3P2XIzLmNxmSCFmHhlx8ExNIldeO1OfiiJljlDdm8Hz46yOhCVfYPSJh9+WI5LmaRnT80bA430PSdMofEEcNSreZ2PiAPz4WxAsedTIiY6cs+ZOZ6fsY1OXrEam5OxJK0omwWz51xah+Eim/dnZPHDETTKYj4+ElI9L2Ciq0kY7k8RWTSEgmvyKRtaYn+qqnq1Yp8chCGYRyilUTcjrbmZeEfH7eFcMDRmSVJD4PFYBIlzn96SsSqZkn3vGKC+XzOTAuPY+JI2BHc1vmlLVjRPqJRz5nV0dSne0ViaT48Okx3YIQx0dqDjM+io0r6Va/OWmoTyRK7GsSqU0qftun+6meiebFl1w7Valp3W1pkDh+fC6OAHAeqkrS7jcDTUbkpSgK7qxzIiEh/6JE1kI5XEVdxrcdmNIFJMzdXM/uCJvzoHYU2PD2pJ2jDpEIEdnAH+v2wsljI9T15ijqHN1OIGyEe0yASG0LpnY7qAtgUsHlMXHk1595noxJl8LbAUxKB1AitW7JNbhZPhk1/FHMhqt/CfEXQDgNiXNwQhxz2OW03iPT08ItFSltK1TTkqPfDprMZ2MrZKJ5hlkAVgRV2lwtd/LjoPrxHr8mIBF5uevyFMyas0Y2ZAwC1pj9OzFCL0DmzLpv6xfHH/UFXhnkRCaDVhjUnQteO4xkRvuBbafMKm8SmJJ2uhNRutyzfo95kq4uUCj193IC0niA/zzmODPy1uAvsxgaEgiOh3G6Uh1OQ3Hl9yh6kdgMuD5zpg7BXEdMDPeMxYr52UxXgpSCQEIyOGYxTKW4cEBXXdsvl83+Uyh5zsfvH4H66s2AopbDzDQTsfON0cf+MDXJKPUyRi+606rVxFhTvP7eWRdV5PSUWlAMqDpMs5ks6LgxE73XG2A7R6BwDv8pS4ds7Me/eOEXTtjZF3bQHshmoqiCRAseo0DgnK31LkCQPQzvtOVaoWE3D86l8g8ZxNbhxxGfZbTiEVG2EtIcFCt9FfMsRn48gEqeXA7wkMrDCr/4lFXycvNzBlihAzZffTBUXh28l6fVOovIO7tg0+N3El6B5OHqz+7fKfg5BtZpkx6JhFOBWtL/ZKKKOfMPw2M8xSRFKuKqmPLM0nGiLDtF4kzrapj8g0LbhSbBHXhKGEFVPJ4AETvC4hkZ7fM4ipepvhU8bFpEnAtvuEQKRQN9AbbmlulqwOfRHBsOETUvY5yiNvxSBiQyp0QuT2GAwAgimYr+cJblkWLxApUQc7tumBPmQXfWJtKfT6dLQ+4sF4JXKAGEs4C5t3xArvUTazr9zjTEwN912dgNiKaFJZ2dMySOHBGKq7ooE9jSB7rjTjIiLauedg7ferYkkQbNctX2XPocINTgIjcTz69DpNfcAXFzSY87gnka6mu9+oSvu1h6cY+PvrMXBlqAoh/v7/B4RZO/0eZFP7NVtFoOLkxkRILTKYZGrF9wrj8R6TQkEzppQbrE0Xch+9KtuGqHyI1hmnLH5hfFjFLRmRTGJJI1fWrhAFNbLdHsSVTJzHLJ0/63+zKpX9wcZkP3+lPWTZhCHuwuT15K7yvW45InSZDAjaA4p7HNRjUjxFswQV3pFT8n6+tIV+wgkTa/yhWleh4EAT/MLejzQezSK4S09Y6h4tOT8vIJi4wCj1+kp7LplkL7ftKLEQmRpmgUM2XJBGh25jdoiyMzumOm8JjenrPROpUpzA6R58PhbIqdJpE7vFEYKXz0r/V1djh/fVKJCqbjX1WeYEAD83T4hEcS7EoRCTKnZfF5VpIRCTe8pl0gEozCnvOWi5sWosli/goWnh3YHzFQP9ORMKnY4F/FRLEsxBN4Ukf2EfRkZjrRLPssyNqvAEJ6byuBWipNzV30XPrH1muj1d7IiUNIpFkPOfZ9oN5cuXwUxsiWV9BFAjVrpFJVRAZU8hV//xiRfez0c1xOHbK6NIKsAPVZLb5cx1zsYFHcvq1ruB95ELoQiUR/l18PvAZ/AcqaZN7memDZ0CaZvvI8zxYeTyxz6lCZnDngiXLZZbJYzQKvJvIyY03/ZABGsleF+waRDNN9j8jsRFHPNwspMRI5hbid71bwx5YPRtgs4amC6qUuCr1x5C1McRjQcsiz1kpyXTjktPNMNj/3N97CmeV5MJ1PrJ5FdduWegFpoiQBkTA5kZsE0Gp16fXHdEpv42/jcHdnaqTmxTF8fxkXeHdeyq9jx0LfmHZ4KexaT6QxNyCx9Li2KSDmhZ04AsSoaNwCDvgN/R1EV3Yx0kJRCk3TZ6yN3bYYfd/EYt70ukHkUgzqEv9vE80iJNXwqOPRb0y3/EfQDhV73g8TWHvhOHa8EkTyuijEuzeYYbJvimJq20zsTlk3QFrWbX5tOm3b4vHWPdwRWEkk5CZimFR/OWTZUe+g6+rMW1f4nbCrapfVYtU93Mn3SCJBB2zE6oS8S2RXEZr64RoWcerbypH/y2CY82nvNvNkm8ZxUVTnB4g8FIm9WJRO/jZFha/AmM+8iHhsEMmOREAkI7k4SVHcn1LbWY6LYvuQ8+M7RILDcQRj00+Y6+PyYs3qBXe1+rs1idwb4NOA+9Mgci0jxe5VXG82f4/hbrn5wg+P/coXpFCukbdIL0Ii57sqtMHdPCKRRQXg/F0SJ/ei3erQvTzmhPfXNHGCO3w6PoICZKuMUrl0b+Fjdi3fbrGDk4iXc/ItLzsst+y8pGx0fuInwj/wfAL69TN/Kzx6107TRNrFxRYNhOVvn7GHcgR3kxbWEm6pagxtcWDXDBH3osEFYoWeV99yorLCX+SuIitJNRmedqB8/JF7UiGXcpsCPpcmRtoUTYrkfR2bQtmTCJMaHJ+QLxUPFfLFaqCKp3yN51xdOYJ7bp7pNfO+Ih1hLGCkt4kUMc7K76nIfiKeNdulHXcT5gpuNhvsAlCTJrI6XPSIxK54lAhirVM72TWm0R10mfvxtj4jKfUjFJJEEJmyLmwhqU3jJ+RVEOO54MsUt9ebHUCO5CXCsX0JARUlec9FSMDdU0KS29O0UZ1na6IzhqK6DAHFYpCPnJ6WgkjYahCZ874SeSyU8hvVIa+OEQSRS7pyIlIVIZfoJ4lkHT+HW9WIg6DkYE9tJRNd2G55Gihvuctyk3bqbZ00ZYPIslGThceiIpK5sg0i8e7X4k3oqb6bNOICr35ogshUcLuma4T6Gr70SSK14bVJp41LKlTp6UhwT5PdfnlPx0zAKw3JK+0cY0Qyo4FpXV/cZsnvq0/kDBaTdImkZiAXC+2jnmCuIPKj8cJllJ5Qjwrg/g/mVWZ7uOtjtL9L5CrhtYjHsrpusEi6S2ijmt6t0A8O1/19Il12xC87RMYk0yUXV5nLUhC5IjtF6WQgMtb2OGnxR4gM+hUXPimgXKj5a6DkxrNfjk39h9Z8R7DSyxM1Kt6RhFPQJ3IOzasOkVcSs6t+LBeb+qEqiKyEHhHnAJHsupfzDxAZbFWvSQBPwsda6X5oogU7Df6L0M/p2WycZrT9nMuGjpwLl2DNa2E+ZyIkIUMicZpby9hMyQGSySbxYnQFkQtabCHOQSL5atGnicQbVoR3emxYUP6/+F36GvAgl3axtKg/KxB798AakeZykBgmqWOZHKWK2dhj7ib0ckAi0mgSWU5MR/Se9RNWQETSViuIhGUE/tyF8gVXIkgkOpfPS+TAyhCLZ7gLcDaVNdk1kLhE30dVueblkc+X2rbW1Qg3mlbxiLQpJ4ETCfRKIjn415M4m9KbUxHpCtuZi5uP6XufJxL6s1YUgFCkbPA5LvUcniZSMMMGCqyifJ2DmeqFjX20iNRKGLmhfDA4Czam40QkMyoH6uB+vz9fNnLJJ+eiEAZFRaSmbZhUnFPxgAtOpPHxA0Qa+oBV+IDnxm7kBlRfOyyCcwhUn+EOBgbwcvtQga7txVptP9N49G3mj0/hsR695E/BPLhY6ZzCtKYdzuJjA+N2w0mmcQYz+EFctfnrrmj7G1A+JtBZeUnCl4Lnoa+uuKWDmAbgHVWqE5dvUFxQwlGuOAWPwobR7TMlE8LiL0YkY9FmUTRMw1iDvdupBhULMN4xzxtkAwbWXKeYxIFCdr5HMTzDS26Y5whhLbOuofIdPGiotv+3LvrbmHKnI1QdM7A67YAyBAcOpo2x7Ruu6NyozTWAnIyHVxr/BphiPsxZLUCw8BCcwnQKb09j7cCDh6mGvrYfWkxsiBn0gyuXfx0s4fOuh7M38RSEEea0V7ABk1ADMDVaPkyTKbK66/dY1Wk/Jjk52BVIZSORITSX9YAhzIUXr1hT1oAVBHIqMpyVI/ilXXLMyQWYBgThwAdOM6Qy85n0hwN+ASM3xbH2cDMbC43m5GDM6WIufMX0S/q9FHUC32p1XAGnhHxQCUMbJg6F2mI4HWFTkLDkGd37hUT+HlR9T+f4TfJtSh7uK/wjyzC8rXsGt1Z02T01DmnkgyxFJcbpRLGnRnUloVRwQgERzYsKH/Y6ZiKCFo5KcP+mp040n6w+PrQgubvWKaiNTJ59+qaVCWtgaW5Eqf9E1yxLzDP0iMgDt4PwuR5p4ujhZGkTWhHGHLW1Y1jzmMo3tK5nKYidtefTuPq1Dl43lH5K6COb+S+WlR8ffSWXeO+GeN0gJs4+7p7yEMyWB+AcPgndJsR0wh2ApJlA7xAJqF+taLaELGtXMD4h0ten9Qeb457XcSSRXEzW6t8p7APNwSVo7f7Ai2D4dVaPvhtEEEmj8XEirebrKoNOiv4TItl3ruWdJpcp9qFL5OLRXyNkorOSKY8JLxFef2BmBKm5B+vEksgT3gcTzHpR210itVT/WIju2p2Eqp5OXNc1czWRMzZqbVmRYAR6kFXrEuk+PCs+qU01Ta79md/p4indO8sPm5BExqjrk6Yjf59IfGUG7fqdScfCLKmJPO3ge4W5AQJDRl6XyMk3JpfT+w/xCVhPhCNWhv11eb1QGYR3IYncYT2XGxvZLf53gEhmYiI62+6YSXqKUyWRLn4aCnODBO4zbdMhcv71dRr0Ci6uEk7qWPERWHKRR9i84l3c05ELMpyNSSndQRPycnre0SR3daSYRksfIZFzPfJ6OvIL74ACGPxdDBdu9sBWfOsVu0zpnmu7b7dG1h0IIrcKqz3ng6tpSbpEFjSBZk/Lmch23yWSXcMwDPl4+JB29A/ZdSTSGvh14UHQlHkyYptHJUkB49KYhoPzis6fD24g0jCmMcVWiW7B67OJD/bpxJiJNV+AmkhPxzfzOuIuPpawHISeQ5/IfGLSQtgZ3d6GPCbSjVEtA3PLMGe3L873pMI1aV6+Oujbrx67NN4KZmYPvWWWIpuMilF+21DxpWaNAVL7ZxMMZaS7v8TwQqxMomZBHdnUg/lCQ9glY+JTRJPRaxAosom/lgRMW+oiqG1O9bU3ujvYm/bSp+IhD2jJMJVUuVOEFAYzb781bNl4Nm7emrY+bzSlZsaSGkyWCOQmEBef8+YmnWXRXxNaflE9EvuXukwnHvKiLt49gPnp7X/i9NSIZixMx6IKxlkDj/80DZqrrz7E3wVGnsyDIB3cVKXC5H6uKIA/jNvf/DfTptKyoO93RC2HxFSwpVd3FZ2xuKBF2TYM1ruDp8q5IsbAGwhyxMYAZDyHJ79bsUsJr+FAohOEudWKXOw89lorE8zcDkEAwX1HL28m1eubI28GIvKHDtHJA08Zoipwv7yqqsCqV0RbLt3O01MO6K8BD29kNki8msgTA7Yi4x4RgTYRiwu3URAxn3v8C11/LWD5tOkJcqcf5g1gCmNFtmTblERgOJG6EV3St3tHcQ+2aoLAVDpBYtwKIsVKDb7BzfW5NlbvDEexvGMrdCWGjmBsfDGSZSgJlUI+cTqXPtOIDuR4XwhGJZGgNDGz4NRBTdGwVyMamEmHKBK6EogsxAYPgqSrxG38/u/09aURSjt8FbkMSaQjZJRHk/wEryZ1RI1JbYbByUF/SBI5lyEPeE4pOevZmLxQYCGtsCv58cUYt2p92Eg7ojv6xQz97wcE3LwiksvRK4lE4evXG1NpzUcIoBPJhU3GMQ2kuq74wUy++ul/6N0/hPyoN5aS9hISYFjWvZN4vuNlfwDpL2EaUdC4VwR/0kfvYCd9phE9lH7Vc7QnA9keNOfv8ZMhP4Szrp7n6+sDB0aoEQ4pw9vAoB+hRjI0hDGyfLVfwH5hzAYdncGVxyNUcPV1mCjLXZgsX6mOjFBhOIdr19neEU9hpe/f46e+/jTyMZc2YsSIESNGjBgxYsSIESN+M/4DfAQItS6aM6AAAAAASUVORK5CYII=",Open_Knowledge_Foundation_Germany.jpg
Open Rights Group,https://media-exp1.licdn.com/dms/image/C4E0BAQHa_8WmdbqEoA/company-logo_200_200/0?e=1608163200&v=beta&t=ZINq4KJr7JndL5a728uMnjeQ3kt9kqcNCkCPUUV_pPM,Open_Rights_Group.jpg
Open Secrets,https://media-exp1.licdn.com/dms/image/C560BAQFdVxoq2gegQQ/company-logo_200_200/0?e=1608163200&v=beta&t=m8hmRr0bbRLiczPv9j6dPHcKBMH-8CgJgFxeuKL2VB4,Open_Secrets.jpg
OpenCorporates,https://media-exp1.licdn.com/dms/image/C4D0BAQHreg61TaGc5g/company-logo_200_200/0?e=1608163200&v=beta&t=G3AU6LTBzznOZBOJYv2Yj4xlkG4dazR3_PrNUJ2DsyQ,OpenCorporates.jpg
OpenUp,https://media-exp1.licdn.com/dms/image/C4D0BAQEcRCikkYqZuA/company-logo_200_200/0?e=1608163200&v=beta&t=w5B0IN0UbrqhX_iDjPXEsVMnwEvCkBS7RaQ6i8DL8ZA,OpenUp.jpg
POGO Action: FACT Coalition,https://media-exp1.licdn.com/dms/image/C4E0BAQGwkqOYtpMahQ/company-logo_200_200/0?e=1608163200&v=beta&t=bTZyyc2WWLqw89wiP-DcfoMBYUS3vsl8vvhgYSVZPEI,POGO_Action_FACT_Coalition.jpg
Paradigm Leadership Support Initiative (PLSI),https://plsinitiative.org/wp-content/uploads/2019/08/PLSI-logo-Sticky.png,Paradigm_Leadership_Support_Initiative_(PLSI).jpg
Paris Peace Forum,https://media-exp1.licdn.com/dms/image/C560BAQFU6qH0zftMLQ/company-logo_200_200/0?e=1608163200&v=beta&t=T1qFfa88BRlgzlw6cZF_9F3hhOJzVp6yp214m_r1cio,Paris_Peace_Forum.jpg
Partnership on AI,https://media-exp1.licdn.com/dms/image/C560BAQHCsOc4Y9LRFg/company-logo_200_200/0?e=1608163200&v=beta&t=dozT43MOCucmWDDMW5QT6MZEiENMRj2YTBDEIpk5kOI,Partnership_on_AI.jpg
Personaldata.io,https://media-exp1.licdn.com/dms/image/C560BAQH_FvZ0-F09Iw/company-logo_200_200/0?e=1608163200&v=beta&t=Fo2Kz8APgS-zmFFnmUvo63K8KnVn5L9AGh9mlOP4BDU,Personaldata.io.jpg
Phandeeyar,https://media-exp1.licdn.com/dms/image/C560BAQEkGLu1lPvsmA/company-logo_200_200/0?e=1608163200&v=beta&t=efjYlcGfl2Cq57-w4WoJ86H_vAD-DlR13oLEMS0Fh6k,Phandeeyar.jpg
Poynter Institute for Media Studies,https://media-exp1.licdn.com/dms/image/C560BAQGYzs6lF27Jtw/company-logo_200_200/0?e=1608163200&v=beta&t=s5fEY2D9TqGnHwyKxlLNqf1-pCJJEfBDQvgH2k1opNE,Poynter_Institute_for_Media_Studies.jpg
Privacy International (PI),https://media-exp1.licdn.com/dms/image/C4E0BAQE4bnKYC4L4ZA/company-logo_200_200/0?e=1608163200&v=beta&t=wyoNY8aTzy94PxUwVYvCZUixdZvriLUDePHwJrvmVlE,Privacy_International_(PI).jpg
Proteus Fund: Transparency & Accountability Initiative (TAI),https://media-exp1.licdn.com/dms/image/C510BAQFEtw9jV2EUng/company-logo_200_200/0?e=1608163200&v=beta&t=fFnBF6gQ7faWKMEDUdB6jxUfzOj1pKApdVeh839UmfY,Proteus_Fund_Transparency_&_Accountability_Initiative_(TAI).jpg
Public Citizen,https://media-exp1.licdn.com/dms/image/C4D0BAQEIrjcelpDGqg/company-logo_200_200/0?e=1608163200&v=beta&t=_nOVr-aplW9oefP1YQdGJL555hcs0Pj8Q87eQNQBnc0,Public_Citizen.jpg
Public and Private Development Centre (PPDC),https://media-exp1.licdn.com/dms/image/C4E0BAQEter3CwKKVeg/company-logo_200_200/0?e=1608163200&v=beta&t=CWedV1CbLEvyeqmNo0Dtqw9jqvQ_BNvRuXy4lh8ip-c,Public_and_Private_Development_Centre_(PPDC).jpg
Publish What You Pay (PWYP),https://media-exp1.licdn.com/dms/image/C560BAQEPm3L1zGVnhA/company-logo_200_200/0?e=1608163200&v=beta&t=wAnCZVJzAl8s6hkRivoSuQn5qI8Yv8PQXM8xXVMCYaA,Publish_What_You_Pay_(PWYP).jpg
Quebrando o Tab˙,https://d15mvavv27jnvy.cloudfront.net//62ebf61a742e1588879ec93b7e90cdf5.jpg,Quebrando_o_Tab˙.jpg
Race Forward,https://media-exp1.licdn.com/dms/image/C560BAQEHjibSIw9LZg/company-logo_200_200/0?e=1608163200&v=beta&t=TxHNYVi_xsKNSFa9Ju7U3vFgHSiV3NKwzreTuHWFFSg,Race_Forward.jpg
Red en Defensa de los Derechos Digitales (R3D),https://media-exp1.licdn.com/dms/image/C560BAQEMX0-aL2VKwg/company-logo_200_200/0?e=1608163200&v=beta&t=juBS-KQtU6w-eMulrVA9ydqIb97ldGYN-yTI_l1QpV4,Red_en_Defensa_de_los_Derechos_Digitales_(R3D).jpg
Res Non Verba: Change.org Argentina,https://cdn.donarchange.org/wp-content/uploads/sites/3/2019/08/27155912/Argentina-foundation-logo.png,Res_Non_Verba_Change.org_Argentina.jpg
Rhize,https://media-exp1.licdn.com/dms/image/C4D0BAQFxrC8Eq8WiWA/company-logo_200_200/0?e=1608163200&v=beta&t=YvgdNhPuvQYmNx40MxsKB5a7Yprqqp2tG-pcUqfLJOY,Rhize.jpg
Right2Know,https://media-exp1.licdn.com/dms/image/C4D0BAQEkT-UmkYLANw/company-logo_200_200/0?e=1608163200&v=beta&t=XBuceWjz9mlI39tD3lqiyNsn2CMA4YH1WQL8ODPoEM0,Right2Know.jpg
Rockefeller Philanthropy Advisors (RPA): AfricaNoFilter,https://media-exp1.licdn.com/dms/image/C560BAQGBOX0eEXFkGg/company-logo_200_200/0?e=1608163200&v=beta&t=vnoZEuq4v8T1ufN8sMLCri6MMzcWTJF28j4_mdUqEvQ,Rockefeller_Philanthropy_Advisors_(RPA)_AfricaNoFilter.jpg
Rockefeller Philanthropy Advisors (RPA): Pop Culture Collaborative,http://popcollab.org/wp-content/uploads/2020/06/pcc-logo-yellow-blue-200px.png,Rockefeller_Philanthropy_Advisors_(RPA)_Pop_Culture_Collaborative.jpg
Socio-Economic Rights and Accountability Project (SERAP),http://serap-nigeria.org/wp-content/uploads/2017/06/cropped-serap-logo.png,Socio-Economic_Rights_and_Accountability_Project_(SERAP).jpg
Stears,https://media-exp1.licdn.com/dms/image/C510BAQHPx4Zk68-DXw/company-logo_200_200/0?e=1608163200&v=beta&t=gH6GVfVtxuOYoz-8KSM6hUkxn8nhcukKFJMHU-OGkQo,Stears.jpg
Stiftung Neue Verantwortung (SNV),https://media-exp1.licdn.com/dms/image/C510BAQHuI7H4BNQf-Q/company-logo_200_200/0?e=1608163200&v=beta&t=1mjBw6TGMzu4tsIL1R4D1KEncrS7g10O4tUVBab-roc,Stiftung_Neue_Verantwortung_(SNV).jpg
Sundance Institute,https://media-exp1.licdn.com/dms/image/C560BAQHXQwlh_mbRYQ/company-logo_200_200/0?e=1608163200&v=beta&t=8RsZZr1GAWNDBxs80sN35sTNjfrXMbfIfFwJGkgLQVY,Sundance_Institute.jpg
Swish Labs,https://media-exp1.licdn.com/dms/image/C4D0BAQGB01A9r8L-qA/company-logo_200_200/0?e=1608163200&v=beta&t=rOeS9b6jNzvBKYA16ZQoQan-Aem3erZ1gMfsgEarjHg,Swish_Labs.jpg
Tharthimyay Foundation,"data:image/png;base64,iVBORw0KGgoAAAANSUhEUgAAARgAAAC0CAMAAAB4+cOfAAABsFBMVEX///+PLiaNKB+OKyP8+fmMJh3+/PyMJRv38O/79/eLIhiMJx6JHBD59POLIBXz6eiUNCvv4uHMpqPq2djbwL6veHStaWTp1tSaRD2IGArt3tzhysiHEgClX1rl0M6eTUf/+evLmnbwxZ+hVlH3//+UODDZuLXjvKbDlJD3+P7InpudSUK6n6/Pq6i/jIizdXCEMoedYX+onbWdPhmJKi3k4ey0lKfS1ea6nbnDqNGycGq6jIm4Y07VyuD88OWHBx6FHDWXTWCpgKv449DWh0m1k8WrTiOOPGnruJCYXY6UMBTr9P+xWi6JMzzamGSGGCmEJmL23MW7eE/BhG66c1uWIwDXw83Ou9TQsLrPnoizfoCdYnCikrepeYDauqGjamyOU27Iy+fIjWi+WyOTRkjKcz6IMj+GGUuPJzyxgHCGBxOZVWOkTzPBsrT32raWVVba0cH/8NW2u+KtgZi6fF+dQCeGHj+bW2n//+qhc5CVQmSpUEOzVzzU0Ny0TQmwYVXBe2OEOXmNL1eWUHrZmlaNcp/ksYSeOQiLVIiTOlTDaRyvj6WYCwC0akfRloLlvJxasbsqAAAgAElEQVR4nO19+5/cxLVnq/QotVrvd7dakomQLCQkLcGQpAeGcL1L9pqHMWATDxeScJ0HiQNLwOQBLGyylyyXAP/yniqpu9WP8XhmesbcT3x+sKdb6np869R51amqweABPaCT0HDLd9y5t+K7R0axiUJWafehJd8xyths/asqTav70ZTvFgXTslqdTVE8khzxPjXnu0PalGXqlZnjYAYl3v1qz3eHZpgdzybC4rMwwwzrB/exRd8RilKWkcpMmX8WQ55hU/t+Num7QaLDMwxKc6P7PEkQwzArwAhbfnaGJGyzIO4D2cAyDMs2dqu3owQ+op6qEuxicp7tUaqDaO0rUdn65lk3pJaBRRi2zGn1QdkHhhsOKp+ZnaddY6dSuaoUjeb+iDwrlFiCDJtEMGkynzDQkmNMeKD3Z5bnONYZtkY8wMx4xY4y4vsl8oImHhFoRvLMAvOOZfpIzCSG4XsNnYSqutlQrWnW+f/eaUWGGSFiVLP/ha/eP+tBc3xEoJFnw4owT6/n7ghmVg8YGzhq1KzPLUdWw0Nar0yMVa+D01ZmCsgwW1tiI9Z4BRghl3jXGNwvGmYuQ2RLMjFBKfXsGIEoqb7bEMTAUetDOAG01HqruazUaWn3eUKsXKf/QjCVx/lSunIFZqS897bP8u799N2Mwicm76SAqcPGi3nBlasza+ABUihek4ZEs7HlVpYxMYv7I64UKVb7Ha1VRi2WGlrJAZgFcloOJfPJWQq1I2louyqfeHNgIosywJCKnB4OUYwAgzUhU+kYy+lWKROOgBV7v/dKnpH6uFYyALOcbMSuws28SY1Oqi9Opa6D/LQMp5kg5vZwO5Xy2G3qShkS2cMXvWoIC/lrwOT+rC6CrYZZA/Yj7k9FKB/3fx5NGak3CzV3AcxkRiQfq+anM2NqfPpggVERbUk7XmOEJN8TxyCMpXr5SkZYyF+LVSgCp4iiRkkUlb6wpcBUSyETQIErHJPJDN8zlCyQYQQYTqt5nog91BuVE1GmznYQLKAeAuEYhwjd0ppMCTC9tlVUOC+B4UTDrnLHTUpfB0r9MgFWKzJPa8e5JhxiLqGiwPRlRi2BaFsKocinwHhOKlGLPD71cAuhf3JTYkEaGWG2DAYNASCeBMQsBkNYUYbtqBdqDxhBi0w3ZZFECGPMIx63fyOmdGwP1LCpshvA4D4TwNRh/c7p4LhBBFMVO1w+JrAgv96BCTPxzaNfOooMlwCSRIOQ+JaJUREcdNur69yMgAlEBy+A4SKzSWWeV1XGT0K3aRxn1jizMClTLEsjSfYdM/JcXZL6UwkKRGGvxgZDBYSFlCgzTU8DAw87AuCP5PjA3omX1ITVqS0hC9oFDbcGrszC/2JOlFRq1VMJ60lzEBDDtANmUic6BlSSOrMjb2KAeKnCWR4ZVhTYZuOPgYf02KmCui9sifBFSa9GU6Zzy8jrJGWQIxJgmkE2HSdVtBv7xSuRfkoBTrQx0UJgeEyaFE+dYcsgGo1FsIjPiWxkJOAorYgRLzFxbmnLOnOV7eYzJ2pRHjMSz8em5vU6GJGpmfQsvgCk2NQbhBJiWRYXBlSFZ1zQ9M3hU5ES86zKnzZCQJ1rTGK+gpHVEZEAIGoUEpog0BQeSBTcWGKVsDxmmmB1IAqZTZcaRxCDOsVIX3GjSGCs5RgxqOrGHmgAzDjQMK1BtQjyKFSE3QWBLB5EVXPauUS0MajnhbAkrDJyOZelvhRjRiwCyewlYx6lsw2D1B6z5aoGUByGx9PGEIy6mbluBXxNgQlm6XQqS9OC4wgwtkdYEnSz4YFWYuNd+gAi2sGqh9ACs/RVwM4FBlLEPAQZKrFZEDuakesY+U62OaiBysbraqRIGCSlhWHPGEnSJ5MEgHFFIsKohaQIAIycGRh0G4oLISDA+DsNjcU7CGG3wCxtqmFJcRoOOKsq9hzHUDwtIOLANTfWo4AihDb8GsErEjziG0+rYuxPiPRGMwV0EZmakqMIoL/liiv98MCMuEFAp9pOvcZMPb265kzSXn3BehoBRjVbYx8EKok8+pj3m7reNgyWzoebgy1GdYpwkilBkhqaO2JQI5hTVcZ6mhYc4RhoedQ5ZwQYfrbTMPOQdU4dRuYqnem7QiSewIyzpX2mQR+l0Db9keRuakAjxZuxk6gJRLuUkJ+Lk2SizXiGbwZWXlSZHYBCJjKm50XaOrtwIndFzunnklARd3YZdYgoMMtiNQchGVyPwB+x6eZk0lJpI4bFJZJvC1oiI9YB81lzwAUgvtBc74gEmPxMgbHx3mnNGM7UiX236BxdQlAXOIkuRikdXbtkUbjBHJq/ubpbgfcMBSo5TKdQHAjmmh1jbAFmt1MJPPZTR42pjEHNonPUl9bnwCgJTIhWGQmFzqJ6PVNC9KWDNWCGCWL1iiPM6CMJpGoEX/TDFtEmMKNwx+slmbxF9B2LhgWxJ5YdLojISTsNrNSgjefyRqwllKxPXQCmXutTBgZQG24ZZjFCM4PLSehp+YI93gBmx1qJsMz4lBaeQnyjpVIa1MTH9TsNbKaoXBovYoLZdQ9E9Ndn89AdIbcbLcEuR0wDeonXe/qzkjeAYf1dR7+zVK2PfqtH3HrPDsDXXUrVoUOA0VuOsX3E9tOM7HS0Lu01H61hVemoF7yxGcTWCmjkfClEzDVgyORNd71eMnEROpZmspxVMUeUaW/xRGyIfYqirmy57tsDXDHG7qpE0Xw2XzEZwFlfkUSZjvSCy6c9EU0CPD1giB3D6LteYVNqlg+PE8ebpH7Vh4b4tj1gtBlL43jwp2Dyo3IVRdGR1sKpRsqspK5xhY7DlTcqxMrZIF6K93WOIYEq8MmO0Yd7IZtEqo8TIx2Cnul3xSKeyhIYw2WJD0lmfJCijXH0YhyvDMNE180+MEGM01UXYZgDz0RKtZxwRMZIS2DagE8+2ClZCYkCHWt5qhqzvrlspUc4ZCljJiHqgBEbSdrQzsNCl1eGwWLSPgNq8KP1sReBqZP+dCPxmF7RbVrK8STlUQTqlDhm66thd6Why6M0X4wqCfH2gLHoOmQCWiXQR8mmqjBcnukbCBHue/icidCml+KFqL+ORO0Y3CxeE+vdA0NCGUSJHCv64MUjlg3n45yN25Xr7iNZjyXLkzQzz9xMfAVNhftdD+S+nzApcbi5hijYPt83RIkdg5YWXbtMcdolk1UyqSvP4L3jGNRCRiyq1CEpIDDGcs9uIcqWlAfuz5AdJdvWIIYO37dis3F/YcWV0i0xm8EgR6jnURGOWQdmx8J3xlNgjpkcMDSJSYVKslDBFVNiXi1aXZASJbDZChmvm7QtBTrfYxlT7sGUb/+NMNBivsdYJLQ5cs+UY/QuMLtudhlHrDdVKZEkkgxTZliVDI4Xc4bYwYxsDobAU4eYFo3EL4e3VstF3TbDN5uWQ1QCs2Tj0TJfgoQd+HVgdipjlCnTAkPj0WK2GEglvjsyQpXQSYhRYQyMPFlmaVBg1ErI0bZOUhJTaSlIGmkh+UFDrq9w0yiX5EcDIcTqwhDk5E1gdit8xQ4Ynk5go5dgGLhHGH3RTG6zzcJKHEyW878ggLHZJOE3O7l4R2IWWRyhNJdExoxXzXUBY9Qsy5LVNwt03BzNobw6lU6tlQRjbQJzHTCt5NLSZQqB0GwL0K40OW9TqnjGyYylzCjoem1Upbxz6I6USSklc5Ud426KKLmOZ2svKoHLsyyKQSBzDo/milCI0Sow+MQGnmHTLtvB2oi47RJEO2jKQW8pO9uwzdZJCRpEF9Vw6tbVfDTJVEKuV/NsZmeHcB1HhGxXvI/buIeQ+SN/TVMbdYlYyS8igoGd4oUiAiR6wCgkD+WEWklrCgKJt55PQ+0YnHYRE7uXfGGFR6/3K1mptuuNbBrPaKo4l0sSOF9FAmZcnCb5dm1nlSO+m2jzkG+UoumaNZXFDMJjR2sbp7lYnksjQL+nrof5CYEhnbXahI9gPSaUsqwaGh0ck2SpLEX3XvaTKGbcrquxCPFpk0FJXp3qeQ6mTCGxaMS45mSLYVIhnND+KgAMEVBagvkVL1uIZjyGIpfRhAovvMtcBS5fAlOcaCpNmniWVxNRMwszszSvcJo6r4KJpgyiBLMMyaoaigo11oql0yQUzD058mIV6qhT+ljSZ7YoTDwxx+NghgEthCXGtbX1aWm4SKZCTEwxVV6OuuKwcZOakdYyOqyQRx0D0gSZBTCCKZ0EmMzHkjwO63I8luWkQbKEJVVC4B9NEjX2WSkfFLqul01lDYNCsZNiYkwsS4vS3Jg5de2ETZ5vNUc70kw3lTohzmK5LAJFa3iVi/J6lpS6hPE4LoLVBFUBhDNdVAWOaRRi5KNeoqbiFb4slc5K6ibMUl7qNAJ4G+zSSRcq6SR2jGIXtTMLQzdMwjCMy5SVMGJZ3oFBmWUOCuuBI5OsgTFT20agY3VKqMzyIvJJQs8Iq/zdzUoja1C7wk6wUdNqkuCYVG14drUX6qqk+m6xMo21Gc/SwEFK8i0nyShdKHAhqGMkp7W9sXiwCDbSfUCHAqPdc3hJEI2JEQSRNbGiIDNzJ4x1vcpSxwDvGqaSN6a9Ar3YJMy8f0lt5mn7N4qPCphrWZPyqPspqqNSWqzzDI2gCFNJxaVTTZZsE/lET4tGysAcyJfLDGKwV8KUbLbk/wSxFLY8FJLY2AowLJ4DY1TN8cL7UVtQxA04beIFgVawAZQ5BbOJa1TgoVa9zIEBiz7uHIbVdKZDSIyKUJbaH+R2qvanPKdFBQgVSQ/rbOlUSX5uzmAgkrwCa7DVgcOsKRFWZ/a2AJHh8h2b0KDhQuFxxXjMJu0sMwqXyY+3uqq0izvWYt56RL8aoQzm+aRwylJVl6i0TLPA6B6AgaI5o0YyTFM9y9j1fND2oYR03+k6JMRsqhNDiGV0ptPUtq8jLOvRdhNKcVCXSkMSh9MFXyjFLBNbHVenjLyj3ZlRPPaHZDPNUMt1aTzGNGGQpCqxxwSGEGfXoR9rprpNpYmm64OWmiamR+ZJNF6MAM3xFO1wDDo/rA4V9DXLtMKOpFCtRkg50csKF0uIOc5qkADEcdD3oaIooqaB1vEiS2yTKsG8LL3FxidQ6rXTzMLYT9NUBwOLR2xfNR5NYmSLuZpujQmKQU3SqqTUzQxu1qZ1kAg/8c49h8EjUAd3ibKaOmq91Zmsl0v8BHFi13GKJJ5FaX4YvwjckCYWG4YxAa1Lsv6yqjKLvKYdTpK4LH3otZ7GTRGQUoRJUWn2nDFrEA6Cok0CG35H9ZnPqv7xFm1ERzp0mccrCNvgcVK03BKDT2Ae4CKLVayH5l2Dz7aP3faPogra6cZpVlA5KUg3mssam6TTnhdFUUDIppQRqoqCQADKuYQJK0+nY2K/qKpKkmqBJElWMZP6ceg6e8Vm843+urtiDJSJbeb58YDRXOnwhUHBsEFAymobOsyj4MDVlDCFvrnVETsjSOBzdYnBLhzQeJ2pIKV1pDkhDD4Mfzf+qa4DXmC5EQzA9uB51BcSLHkmg+xO47CpC7PKQHcb4tbJnPVAMNxWWRwzkwDs+/JuQz/UvGqW0gDZhG7T82KwFDLjSLcVXPE5ZwuKZzqhz6CF2c2SvMcCjVAnITtiNgngGBEmgRfTpKkrO7KsiaGJw0WiCZjqynpruL6yyzZyV+6FjBInR6kGkeSRj4hvxlWB5cZHokIIAAcTw4LJAZxS6vzcumBZmVo+Yq5vAaIFiLgnhDumU1X3aY4+AGKIisJtGfa8OsJMFLwTAePjuy5uCpqZ+DrTpdVogSKEPvDL0fmoLgnxaeAzIb4HCvwVF1CfWPi4YxNEcKCsA6JdTwmVSThzcjPzgDU6vUPU0vaK/AQk9Al6fgSR9LFDlQOokAbLeEStasm1M9MaBGljhnEyy7OAtHt4GEINTrNum3eHCgY71K1BBWp2jaYIMPDLOElCl6Tj13WbnXaY1DiURByCUN/90S+HA8NZmRNjicdxndEVZ4wca6A1qgVqvtpzdZyW4LRWgM+2AhyyOmfFqOUUXuLLZo9myYuZA7pkr8vS8yxAd+sUuUcKwLO17HMDZgj6KOFhoqdJHnFGSficr0XOOmC7YLpGtuvMwjLV/dApMjuaAPv0SqgJMFHMg3kF5sYMAOxmugHiYocpVQV4Xla2wwI72gqMluUuaFa6w8LiuCyc5eANsLVZh+qBvYhrcKJmWBFMsLxJUj9sDkAsBJOujRQYO01DJ69sTzurgwuEmq/IDrWdF7xF+Hp14rOSPE3JDgsB1Afrikqlj3idURlTFOq1tVBip2qG7Y5lVidys6kzo5tKoqFpyqFiaBckusgbaMXuN+JqMe6n9nOeGeq8JOkwg9pBtlyeunpB4pZhkVkkPrM9xmwUMSJmGSgisxO+Z09GnAI6h8SrT0Ng+ZbzUoeka+BW++4yGhP5bU6M6OSDxhpExL8Ra93cvgs7AmYDp40sU50TMHYKMo+rd6+v574SVc08Uc1h3eMHq/RJsipYdn4wiL3uhArwPBtr+wQZBrkTEq+54ZndLlFvp2JMWpvv/niIYaHq9mDoVXWCJHBB66wPflDGbTB3EteKAggKezRRTzTT+LCVqMFwQvgt5M+FY2pMxs0sdi7HhIpEWOyEODLYr4OV3gZxtw1HyIFhIsJaWZtgJNglU99tYlvgapzDmQ1aSONP2eFLqSemwMfJIAOnF+v16lIWl5Vu50N7DHhKFdn0OUm61TLL0d272FVVyu94y8BWCnwalw3C3ZsDhjsaTwIGT2fWWjdt5Mz1lUumRU4ygjlH774b2iWqD+NgoWZ3nAWznSqWShdr18nmhAos1crM3ciPz5eHC1iILI7WdJtwJVXLV/TtR2HQowrSczjiabjXBpPEe1ikPjbZPkoHyrpNrTXpMt2z4IkcdRgCjFUuwxRC0OjFVhkcxd267tmS1jRtI90zEPSai9H64CpR0k+3ayWcQzkG/uvpRqVOnfUpSKhKpd2mZm4nK+nCyc6OU4cp7Y3Q6gKK4OV+3M+8bNcR2qk0sHC/y8MsTKoNF06sF0u0Z0rBfPNqfRaSHhTIihAViwT3T15Smpj2PG+BGdSrgsVqdGdd9AU+Ys/hQE8hm9dshmfgkIE86DnYQhbqstvvup22+qXo8uMtfdWL1Go+XLU8h7l0zH0yJyPOnOe72f4ZSDTQIMt95pMZg9HKuaVK3SXAVh0wnLO2+1qp1XQltdUqETqPE7nEej4g1lkwqFCjeTavkpUSSlc3JXlxJy2y+Y4KT18/P9nBqrtcrOUKHh+Z/bYLMhZn9olncpielaJ294SRpwj5qycAc8V8c+kCmGG+noStNCouF0ERrcTncwCstcjQVOIzmbqmypNsXqHGLFo/hykq57sM7MUeHK9c77fRoBFyOq1fq/h8zlK2F8Y1597zmv1xiAt5ks1LMqHXxCjIj4VAsRe2rOhsJEwbDskQpLFXW0Xr56KdDQ2LhWgUGv9MhsJmaNaGEW6Y1gFaqKAlMINM35gqmqOSdXoOzHPM7j4KsI2U3t7LmjmTyTusZZ74YRsrV1y81EDZEphJ0mx0ncvb0F3Ojk67DfoeSevNelM6G59Va3hpPdd7QKauuqyv6rmFObtlUd8G/SUUh+/Y2DVZvdljy2cQkiEUxGi6kQYkFHzPZMl7wET+NueE5HTGCJ2F37KN+mvokXxGR3YOzRTp2XpEpuzvcHP0JTCCm24Vdp6L8OYsOyPqL+Zq6tataLuopWbXD9m0Ql7q2bhuDxhQydvm9GTGL7M/zpxWhhGdWYhZayQU9x1lgErqOa1a0g89VdtOaABJxR9rM+vpaAWYBJ9ZxFBMZJT2diFFPot7Ijbw+8AE+uYICSG6y86nndNqWkQ9PjujkmtYJFXzcRAbjGe9QanSPjCTknfWT44Altu+f/RsaBUHe3qGbohY60jucpKFSmbZ3vBzOdsHZkgzpvoEXkH/OJGzp7VzK8abe+52R0qeslKbZSrGEu4fCCs6q+HtWpL2+t6m50qj+3kPj+JvnhO1QxJzHbHUmReLZCUzWpvhFWCCaf/QAMF20cg/T35ZJ65RyzNS2JTEjEVMSHo8jFb2lEzCVWAEnWWXm/CKEknn4zkeRoKpsocnqu+igkrncWxuxLejZG2lKFcX53tNambEh/f5Dh4vHq+rgx1TEEtI3zi2IShRuhKeslg8pTwiVOAG4FOfA3paEqIQnXEUSHN0hEEGrxhQdiqtAiM6Lgm/iDY5stQ/j/XYo0hrzroVYhXySIoLr8ea0SxZOxmPPFRsF/N8ep/udVknbduRJrslK0954IO9YLF3lBMn3npKgRjVOkaMewa5gSejc4jAC7bjY6SmTZFtzz4VjKA68CXE7+DE7v9apAU1I48w65O7HfLMGq48Kw7cOOVHqm4a99F4uU/EGUXJqipJxGT8OHGdvCiKvHbcJPZBP2MVp/U/ISyUOJKc5+sMy+NV4pk02dxV/E9GgA7Z5kz22tHtIcA9ofPg4taOFMvOKhOoymzvn3UCPaAHtCtSzmMO7aCS9XNpz5YE09fTQ5xF0Wt3BlOKjrlLrU/DKtZT53QrDZMkTRP73OQg10z9MEHqlrDLsGanfdI3wxb3SKIjQyX4NLFjcrBGEqbTc0nRIZRLrjfUijDfrNCeMnGypBgdlv97JNmqG5FKtmfJ3hNZCaoU8G53cVPXvZCY0GPXh9vsF0dObG9JmX/S5WvRpWeNcKexB8z2eJNd7i+8K3lxfOgQuPLKWdOWf29nQ22Spp/+Ztx8er5e7ST2D20zANP/GKXSSYHxN69DOC4V07MMim8S52Ky8UTchs4aMEZen/BSzGEtkyUY8TToZHoskF1T5yV7B1aqzuzCnzqbj9aAOU0l5XRmm/p0+2mx90QKKLYsC6dnk3y2jewwRUy8LRS/O2AEm5y7Ft91k9hRNHF8Hvuzu4dbh4Y3d/nEKAjmF8oZQRB4/XVGy5u0HwULHvWiUlCA1d23JlZu7C6PhQXd4XXnSSyAOVyZCJrlrZ2W0Z0QNCQ1LhnfMGez3tk0HKl/8VDx4N05aJYdLQ/Y69esZI1bR/NraZY/6LXGzt04dguanJwx43HakEQPo5rpU7Ws58ahUTlJnLSndXGuOsVJHvULmJkeebOiDDPfFc/RRw191AGjVdR8GW455iwqmjgO824PnUIGRav3yJkMXp6gKQ6LbvepkdVu4s5PDlOCglTSpWdyQV2qY91tQx5BLPlt2opom0VRLbYtKnY+SxLHpI1RaonZuHVNKEp6Uh5OSK6UJ5cxHuu1aDj6lE1KWS7b5QZvxlB7NaUM7OpJOsYJVStc7tMC2ixXW46hgHnieA5lj0nZAG8LjDZrd7UFqbkeNq8STMpRS7p4yRUk/SlAOCbbMaHIJJ2iNmHUaNIxFDtuXY+hGbcdaG8grcqx7CfsWCcug5Akdk0vVbCcEk2nbNxtMlaKcrxsdMaalb9+eFqmS0lmaFUqk2VmztAAE54pAl2uDZFeSkZ+qrkSU3ta1MiILNNrmqhlpUq3epoMLcDUVVKAAgVYDW6vNjExeWTAI99ugeFqtQWmmK5b9EEq+eZEs2OVIZhV7DQjVxawPGPXU7+CGitdIrme2gxjx9KCBqnkSNcslUtbM6qSXttu+1ISwLs5ZmtxoKSNUkkRsXQlHNd5Mk9CMNNxaGuTIqXZZ7nkGcnaJT9iKLfm0iRcpO5xtZwEZptsZ7gS2WRpst39wyZm5+kKkU92JRmJ3GYQTBJ5bniBzCfJZBO/2zFpuH7RAmOnXX6v0qir1ogy686RFusUfjVJ6TaOYhy6qDSa1uSJYnLhRT5uMwM46F0GNqXaZloboV8IQi23x16BbUu3vLOhT7rVqPSSH6XyZZI3H/hq6yV58IcAxmYcMus5TuI8c8zwxwuLix4wMB9Icos1F81/V48XmRTVmB6kM18x8tKlLauTUytNfn5Eo8B1MibH8xunvDXLN1p+JgeimGMKUzVtqmS6eGDiRBPL+cU0w8wTyFcdwBy5wmlP4mMD6hMziW7MdJLGIldbzbO4shRMOyVX51tqIyrrgiSpDjVpRGe82DDiTPfmXwsxu3K0rs3GczElTFeSxjR3eRVvM90TBk4/Pa8FxpnWi7fHK3PJZPz+R0emKj9gS9sZLzZHwCgZFtOvVanlFXMmasp6EFV5LHfihGtLm4+m4co5OeBmPS/9Ln6Xki+ryKf9CzRXVnuDdHmutLyy20J0luej19ODIfBv2yNO04QFMObi7dWc4Xx+Pa1GFe9MpUOjhZITLvGNfN3wpP7J8KIjt8edtpWQ5SxDcaYyXjlZsBzFdcvYoIAaQOc4N4MD9gsnfDZecIxSrs6+QF94xeJ0JZMMxmGBrEsKcMhJrYNJtTdr9rIhBeZgXCtBBXrTskJ1hWMKthzQU2ma2Z5pwBi3FxZloP6Xe0pt3Tcstl8rtJpoQKikgUpathhWTeijdguQRg2jkkUy63hdI8k/qylnnGUdbkVrMT8/ONDAy0tCKn31ks+CR/NgCwg6Uty8iknJzw8NMegtIwXZe2CHOqhgKbUoMAXjNzGjSnoyS1dPY7RTPRpYTSpPZQkknCm3opjLYnYh+5RcckXN13u94gpyb14W6uOpRMWtRg961rwGsxm5EioOwVRw1LgBBSQSHTMuQL6rsxWRUiSbdnQWtuMh1BLu9kEPG3lx5oIFWosjaT9x+82ExRi1Dc1SImGzsJsCggMFhLQA0ZXJSTyRDmrfl3Btu1KsUWA8H7HId8kp09Jq8EBMpCYIseraNQYxbLHd5UaigxcJ5kEKIy04426DRhCC4oLvKk/Hep2FIJmHe2nZdnkmEc4O0zoBDWBM9cr2VYcCYxLDRW2nwTAkSRi2HtbSetpiLqEmMMBgGcNYymlh22ai0gzCoR3YYLzRrVleIvvVRLMKmXcbdtpkQebodOrtyTiFJ5qdjByvbkMAAAwUSURBVMumlH0TCojVVj7mKjld1A5mEjBQa+BVLF8WQVBjtH6HRMZiFvuVV0uIzMiCld3MsjIwoEhjNDvIGplcwjKYxHIJBo9X+ONYGwwLRmZGSRbMEHkxSlQ9t+2K/KcMxNQRMhwRde1nhQ482gKj5Oy0jjQjS6iYzFVDC9dTgJWaldg0RWpKztHGKkKq1N7RNWF4Xp3f6xckKtZTXeVdS6t1FSOsMtTu2ZMYRG5O5aUyU7KYFCDhTihztc4jeKT6YLJ1LoHp88BZErtxHgJ5gnSfkVO6D3VY+FCjjtX2cJpKghr19ozcKMEStEXi6QZnJU95VicdoFuTglBVedIHaj+7aR0S7p+AoRoDA3fADLQDVmVSWrpAOHFW65vbR8xZ7PtxQzy/CHwQcEI6cypMklk+FzCek/i+n5CLmMSqSZKwadMO9yQ/D0t4Qo8ED6CAOKznnea6sm1u6USSV+DH1nDjXCq7gSpKtzupaJg5SVm2xQ6ELEmSZu43khOy0jLsxIJStZV0YnGyB30InXZoQMa4tABwCXgZjLsOmIFW0EZ3lmORJNt8dSOw7e6gteHE8+Znjinwd8/XFT14q8sLAi947k7vqeXAggI6n1yZ5EnvEAXBWDxaeNeKYVmGoBX5RqBKi6CKZShXAzd5ftSjSGpcbctSkSwrIUQc+sU2JW3eBZEow2ABzKDf6MHQ83YemCHA9CmK03TrmeRr8RgQw+ec2iqQsMMSmLOmdWBq37b9bXVvAHPSYPiJyQom9xEYxw+C7yYwQxfXwv0DxotZcOtEcePco/sODOdK9blyTLr6hWWa1mC2eYrNztaVTkoccMw5AlNsO7tCYNFG9bW8kknu+dsPaD87Es4XmMDnZ4W5RvWGXUuCnmnTe8Vh4hOuK52EBA+qjEdExqhHLA3sirhaxRunVyNp8yyz4Uzm+6/I6zdCnyUJ5FpXls9JbIQ/j2NrBiSunJCExD6l5crpMh1pee/FND5FrsLxSahUqJSEixQzPSdgyAnx4hodchQf13vx3BZHu6pJne2fylmdG/yAHtADekAP6AE9oAf0HaQgu3HP70bV62fYkpPRfvbTR3ZUlKgtiRu8ih+754JvXv9vvRYVB58uPyna4tKe3p/HbdEJDNTLz330g0MeKdnBo8cp6uYyV/uNTwdvS0cDI0ZPUAdxBZiL+vTfep/C5M3n6V8X3kqSnz1/nAYNXuma8969M++CLr/w43VglOiJ9tFn058fp6iHrqR+rOMXkzj98unBQ/cAzFvSk/SdVWDuTL+//HQTqc/+gv61/7aKbx0PmH+XmJSRx9NLjx4/83sLMNfUR2lzLz91PGAIXXho3qvv3cNUemvaAnPx8R4wg6g/vjcZ5tIPH6bNejxljgnML3+1JruOvsBqQZdf+PUTa1+9O22BGUzseTvuucBVYCa2bVu0LCMid+zRcJJiRQ/Dg+gRbv/mb7/SSC4lAcaD57Ql4sRaIip885t3xm+Q74Wbl8KUAKMZbYO1ySNkVYhc30evRlUmxiPt7xeS6KVf/bTXNsHLTPMG/bFitO9q5K4mxbMeEaF9N+bxDfiQ2dlzLz9BGkvLp2mU4he/fVIUH6GrWW0L923T/P2nba2eNdgny0uHcEMPGPQ78/Z0Ov0NEe77T01JZuGvfg9/X7sj/x4e8D949+Az/N6B8+TDMHt+Uv0d3v3yp8AbFz/+aDlUwqu//l/Xn32aNOLrZw8+fvGJwYWb5bNkvN7/MP3DQLh4ZToeT69+AL9413+WCO39h9Lvzxv30m96QnL/4m1JV8d/Ji9dK39G5smFV98DHnh//KsnX70ynvJvtEL/8qtXVIa9pAIwXfmjN0n5B69J7x2888HDg8uvyT+iQH841dnpr6j2unjlS/tr6OMzH2xH5sJDv319DozK/KzIb+Nb0K395iAv8s/wi/D3tY/Z9NbB7I/Pv3uJYfzYf4wAozJvFvnH8m9+QWRMD5gLn//6wieXCAdfvvKVfRuAGbx1Z0qa9b3nnvkBNLzZK4rmjgrNufzc9Cvy3gvPLObPS1d7wLw6vvWoXT2O/wjdv9iCfeEpUvSf/pHqyV7xznX+z6Ti/demzz5qZ69eocCQ8t+5IwHy76ZkO3j5FwDmKYm0IPh4+iZ5L/2KAHPn0pU38vwzJP/wEGCeWQDz7A1xqLz/jxd/SNKRRWWo7H9y6V+I6MK/+xQU6eCC9+HVJw3DoFh8Cu9e+1j90Towr7388NsqGbCXPnr92u3fPE2wGv/8YSKwH4PnCpQ7FG9e/8kjA+Wb8e/gvWvXf774+UtXvzIsK/qUyKh3p8++zg2Ea9dHXz0/uHalB8zgf/NvPqEMxW+nfyNs9MX4L0/Di5e/plOJlv/W9Z88DVP1lR8/Spt7+TUJ+rT/4fTfYCLuvypfJcN5W31UGw73Pxv/61Ec0wnfX1796uFlQ/+FTCvcgbr/9tVWXXTC98LnKjy/drsHzPtP/R8Q0V9+OvjT9TeeuPzUVdKdi/qlp2EWLBljcO2Flx8hiL74+kD44plHF8z8Ek8u9WPegAZc+IT9gLbjofFfPgX26wPzy6tPkkf7z/2VMPffrz5KP73y8qIZ+y+8DE+El37cMuD+hwSYi1f+Sl+49vH0f8C/Xz9DldgXV/626O4qMOta6f/+mMKgRPVn5R3CMfuv4R8tgelrJeFtiVTx1LNL3XPt9n9As8bff/iLZ558+PJrFHXg5CfhwS3aLGG/cksfE2D2Pxx/MNi/c2tpHr4kwWTe2yMdfT+91Cq7a3//cgOYZygw2gvAF8BZv6MFdMAIWjYryzsEGG4BzKujX4Csm7biZP+18Z8fhla3wHzvyr/eIzD/nQAjXHx87N9yb98dGO5zCsztHjDf/h2MvW+v/z/tKeCGC5+37PgNmEgXr/zwEdrGKXMrTO683ArAvz7/rfrBkt/mPRkQYPwOmMc3gPnPOcdQYMZ/fGIJzP4319lbYbgODGqBoQb1/ucUmNtzjjlsKm0F5tqdS2/esMR2Kt0FGHUdmIvXobjLn3xU3XnseRA4U9qy96/cevrtv5B27H8z/uNPb2gX6VQavP/a9A8PvdgzXV5qe9wCc6l9cDjHGB0wc44BO4YDufXTG8bkhXWOeb3HMZ+PiQDoOOZ/Hg+YL6THSGdfemYFGJDUj3KbwDz15XLMb5Li9l+VEvIbAOYr+u0rL37wNdXJl1/4iGrfFpjBzSv/8cobPRuwB8yf/EutrPv2+mNPADC3Xj8EmGvT1ircfwUsX+WFj8g8FFsZ80UrfaA90JoLb43/QtsJdvCPTgwMOE5EAL5yqRW+HTDCt2OK1zrHLIXvhVd/S1p08Q7+8nnyqQPmXZiXdFg7T+/i4y0w126/6PfciblUpfQ1T82cy59cBaV++XGKyP4nm8Dsv9DaM5e/BmDE5z6iUu1x8mTw7fjP7Sxrhe+dZ4jdfuEm1aIn5phLB2buMp267oAZXPzHpfeKgx8sgPmQANNX1xc+fIbqodvjP1OYpn9uv/6Ef6MdrRdG7xWPvlOqLz/f4ih92Xdw/r0HzPv/GL134+FrT1E7+sKd0S1n750EbQIzeAukypPRzc8Q5RiWlB+r9Mm1f1z6WTF7gqhrwr/fTNk3H9m/eYcKvmMAo/6ONvY/CTD7T5ELpW99RhinM48o9G8jVb1FgPk1admF1+Q1YC5/TYHp1BEA87f2+8/Z1skCXoJyLyXp1RaPb6Q3+4ZnH5jBW7clxCDcmrff6ljC6q2P2a+o8KWz7PLff0KeKTfvSDxibvk//kFbPmbe+/jqDdpcXsLoB9AcYm8RGSwxrPQi1QJz4fv29e1aCfyrzuPYD9qF9msBNSfBTcmeuGDfIMfDBIvGK0FVwaf9gGoMwSPv7kfRwjPjPJu+691o/ws6Vfz23DsUosqsouGkfT64Ka3YnZeDvh+4X9UHe92Lg0llmvYT+zZJ07vWOmlK0Dk6XlUUN0RapuBB+TcembQulgjNtR9e9IAL8oO9qq1iP2pLXq3yvGn/qT9uDSJdeJX/xXm35btE+zfxB9v4Feb7T7bz8T8FXchek17cwhjCxdmd6R/Ovz3fGQJr5tajj2x+rzw09Z/cVfz6vyRNPG1r3EyL1vYTfwfo/wOgizMpwSnQIgAAAABJRU5ErkJggg==",Tharthimyay_Foundation.jpg
The AI Now Institute,https://media-exp1.licdn.com/dms/image/C4D0BAQGTe28OuwEU-A/company-logo_200_200/0?e=1608163200&v=beta&t=uNKhv4fmfGuGHosEBAmSqLFyzynLTFUmLmgFW2qGdgc,The_AI_Now_Institute.jpg
The Accountability Lab,https://media-exp1.licdn.com/dms/image/C4D0BAQFGiluXYFJ43Q/company-logo_200_200/0?e=1608163200&v=beta&t=YXald_cTqHiin2rchPGsjn5Zl6EoacccjmjWm5qJKqs,The_Accountability_Lab.jpg
The B Team,https://media-exp1.licdn.com/dms/image/C4E0BAQFYU0t3SRoZAw/company-logo_200_200/0?e=1608163200&v=beta&t=YILZEAprS5zTT5GI6H-o_uzcosjYWQ7ZzCXrlaXtxQM,The_B_Team.jpg
The Bristol Cable,https://media-exp1.licdn.com/dms/image/C4E0BAQFGhzi_D-OLng/company-logo_200_200/0?e=1608163200&v=beta&t=nyar1WI4Cw4WPiR0IvJL9ISAMlCWu1DItiywdge3Kww,The_Bristol_Cable.jpg
The Bureau of Investigative Journalism,https://media-exp1.licdn.com/dms/image/C560BAQH7U39Gmbi6CQ/company-logo_200_200/0?e=1608163200&v=beta&t=T8fG2qh-KlMEezHLYkw22cbQXv19cKf2Bikd9Lf_9R4,The_Bureau_of_Investigative_Journalism.jpg
The Citizens,N/A,N/A
The Correspondent,https://media-exp1.licdn.com/dms/image/C560BAQHmRwli3j5bwQ/company-logo_200_200/0?e=1608163200&v=beta&t=2a9_Wxhdod38fGf8tt8hssTASLn5VkrzMBE8laiMhAs,The_Correspondent.jpg
The Democratic Society (Demsoc): Public Square,https://media-exp1.licdn.com/dms/image/C4D0BAQGT1lI1RW-epQ/company-logo_200_200/0?e=1608163200&v=beta&t=rg6wJCJ6w2aa1xxTQCUiKk54G0QEtiqbG51R-7xweyc,The_Democratic_Society_(Demsoc)_Public_Square.jpg
The Federation,https://media-exp1.licdn.com/dms/image/C560BAQEFi_90UEb_TA/company-logo_200_200/0?e=1608163200&v=beta&t=YjCDpkcUI1RbFkHfx61qQxbw0tnWY8sjgg6mtRA7mZM,The_Federation.jpg
The Ferret,https://media-exp1.licdn.com/dms/image/C510BAQGgoerUQefkEA/company-logo_200_200/0?e=1608163200&v=beta&t=8hiI0HbHIVJV6S6HKryJj_agQ07X8hFp5TzOIfsoP7g,The_Ferret.jpg
The Governance Lab,https://media-exp1.licdn.com/dms/image/C4E0BAQGdTrrXLdN1mg/company-logo_200_200/0?e=1608163200&v=beta&t=zw3ocPCO4hfaGs1X6iAz2DsfWkwByoA6mg9xcnlgm54,The_Governance_Lab.jpg
The University of Oxford Development Trust: Computational Propaganda,https://media-exp1.licdn.com/dms/image/C560BAQGE4gacwpXrjQ/company-logo_200_200/0?e=1608163200&v=beta&t=oD3iQ4iW0gH7CWK9kO5M_wOZ3iR8DLnhnRvPhtyZi90,The_University_of_Oxford_Development_Trust_Computational_Propaganda.jpg
The University of Oxford Development Trust: Governance of Emerging Technologies,https://media-exp1.licdn.com/dms/image/C560BAQGE4gacwpXrjQ/company-logo_200_200/0?e=1608163200&v=beta&t=oD3iQ4iW0gH7CWK9kO5M_wOZ3iR8DLnhnRvPhtyZi90,The_University_of_Oxford_Development_Trust_Governance_of_Emerging_Technologies.jpg
Tides Advocacy: New Media Ventures c4 Ops,https://media-exp1.licdn.com/dms/image/C560BAQEteVOK_sQHNA/company-logo_200_200/0?e=1608163200&v=beta&t=li_xEByDBzHmwl624sZq2ST_dY_GXaClMv0f2GqDRXA,Tides_Advocacy_New_Media_Ventures_c4_Ops.jpg
Tides Foundation: New Media Ventures Education Fund (c3 Ops),https://media-exp1.licdn.com/dms/image/C560BAQFa6xtr_6CtjA/company-logo_200_200/0?e=1608163200&v=beta&t=_a4SBrwO6f36zhK5OvXhYL0ZpuOaTwxLwNTPWmE0Ltk,Tides_Foundation_New_Media_Ventures_Education_Fund_(c3 Ops).jpg
Transparencia Mexicana,https://media-exp1.licdn.com/dms/image/C510BAQGHxX1_y5mKaQ/company-logo_200_200/0?e=1608163200&v=beta&t=R_7MZ69VWVLbaIvUGPLtLi7kia6jwj3vdwbNdPcVWyE,Transparencia_Mexicana.jpg
Transparency International UK (TI-UK),https://media-exp1.licdn.com/dms/image/C4E0BAQHvKvwijcGDsQ/company-logo_200_200/0?e=1608163200&v=beta&t=Rk4snpGJeSJqpaOJ_aZOppWRwnY3SNsN6uXILl4Slyg,Transparency_International_UK_(TI-UK).jpg
Unite US,https://media-exp1.licdn.com/dms/image/C4D0BAQG6GZu_ppIXww/company-logo_200_200/0?e=1608163200&v=beta&t=NFi6KNapHYN1UmYzSR4vPeNvWU8-YV4Nb_Cl3Co7kKw,Unite_Us.jpg
United Nations Foundation: Verified,https://cdn.sanity.io/images/hx7jtc32/production/54bb78236062fe22f21b5e906ff84f874d32856d-902x171.png?w=600&fit=max&auto=format,United_Nations_Foundation_Verified.jpg
University of North Carolina at Chapel Hill: Center for Information Technology and Public Life,https://media-exp1.licdn.com/dms/image/C4D0BAQE68OxmXDWiGg/company-logo_200_200/0?e=1608163200&v=beta&t=rP6Y1yXlBEb9Z8qDnyTH-bO7c65lQtiKbV7gh5o1j-o,University_of_North_Carolina_at_Chapel_Hill_Center_for_Information_Technology_and_Public_Life.jpg
University of the Witwatersrand Foundation: Civic Tech Innovation Network,https://media-exp1.licdn.com/dms/image/C4D0BAQErswpyTD7diw/company-logo_200_200/0?e=1608163200&v=beta&t=xwRVV0L82DeVL3wLAXNoRP5yQhqOMA93ka8MoL7Wigs,University_of_the_Witwatersrand_Foundation_Civic_Tech_Innovation_Network.jpg
Univision,https://media-exp1.licdn.com/dms/image/C4E0BAQFAltGrkFLnqw/company-logo_200_200/0?e=1608163200&v=beta&t=gAPJcWLwSeLhk1UYoGMalY_KxROBbAVq9mA1AOUoruY,Univision.jpg
Update,https://www.institutoupdate.org.br/wp-content/uploads/2019/12/update_small.png,Update.jpg
Upturn,https://media-exp1.licdn.com/dms/image/C510BAQENmwWiSxD8HQ/company-logo_200_200/0?e=1608163200&v=beta&t=gf5cqOszRcrm7Zja5f5cpi5V4Se8GpuP6NqskikOWgI,Upturn.jpg
Urban Innovation Fund,https://media-exp1.licdn.com/dms/image/C4E0BAQG5hnRThLnPGA/company-logo_200_200/0?e=1608163200&v=beta&t=I6BWKYc9SIaj26MYWtcKEKkFEp7_Rcb3B77bfGH8-vo,Urban_Innovation_Fund.jpg
Vox Public,https://www.voxpublic.org/IMG/siteon0.png?1479131620,Vox_Public.jpg
Washington Office on Latin America (WOLA),https://media-exp1.licdn.com/dms/image/C4E0BAQFS6vT7yCN8sA/company-logo_200_200/0?e=1608163200&v=beta&t=TP0nVIkg0Zjo-XSBQbnF0wKrheK7YWRIL1vAKRHHoiA,Washington_Office_on_Latin_America_(WOLA).jpg
Where is my Transport,https://media-exp1.licdn.com/dms/image/C4E0BAQGiRZUqWdewYg/company-logo_200_200/0?e=1608163200&v=beta&t=8I1UabSni6-_GASf2Dhv-i74f13inrdWWA3oaGyazZg,Where_is_my_Transport.jpg
Women's Legal Centre,https://media-exp1.licdn.com/dms/image/C510BAQF1-iu6JaTXtQ/company-logo_200_200/0?e=1608163200&v=beta&t=voqqGeP_906ZcEyVg8ubH3nYlBbFjStQUyFiPesHSos,Womens_Legal_Centre.jpg
World Wide Web Foundation (WF),https://media-exp1.licdn.com/dms/image/C560BAQFqNfjvrpuq3Q/company-logo_200_200/0?e=1608163200&v=beta&t=P5FXncLpHY3cr8B26IGLycvQm92l4GeaT11_53JLnKg,World_Wide_Web_Foundation_(WF).jpg
Yangon Media Initiative,http://www.yangonjschool.org/wp-content/uploads/2020/06/yjs-logo-normal.png,Yangon_Media_Initiative.jpg
Zenysis,https://media-exp1.licdn.com/dms/image/C560BAQHX8GjW1w1Kag/company-logo_200_200/0?e=1608163200&v=beta&t=BK6j83jd3OHdFOUUYSVDaOJTg-Lyu_wJ_NOmzhY0a5c,Zenysis.jpg
amaBhungane,"data:image/png;base64,iVBORw0KGgoAAAANSUhEUgAAAaAAAAB5CAMAAABIrgU4AAAAzFBMVEX///8AAADEFhz4+PjAAABiYmLKysp1dXWurq7FxcVnZ2fh4eG6urr8/Pzy8vLY2Njn5+ctLS2ampq/v7+ioqJcXFyLi4vDAw/s7Ox9fX3S0tLCAAY4ODiDg4PUaWxJSUkgICDdg4YWFhbPREkzMzM+Pj5ubm4ODg5RUVHINjmTk5MpKSnln6F6enqmpqYbGxtUVFT01tb46urwxMb34eLgjZDGGyLNTE/WdXfrtLb129zxzc7NRkrRX2LIKi7ilZflqKnrubrVY2bWcHI/WAxVAAAV/0lEQVR4nO1da2OiPNNmiihn8IAihWJdUauPh3a7h+4+2z39///0ThIIAfGwfe9b+2y5PuwaSWKYKzOZmQQqSTVq1KhRo0aNGjVq1KhRo0aNGv8oml1LsvxLj6LGXrSgLzlb+dLDqLEPHYCFBMalh1FjH0wASGB96WHUqITdcwIg6Fx6JDUqIUOK4NIjqVENlfGT1E7Ca8WQErS49DBq7IM9IwR1d762besSw6mxgwXyM7OL33WjOAmV2vV+BUhGIRI0Eb9ytTj1HEyj5ujSCCkTuvBNZwIco2W/NnSXxU4U1Ici9P1ta5wDZAkCLS9DGb3Lja0GQQtJcPLiDkHjOtN9UTTHRwiqY6TLogfHCIovN7gakmQUCfJ3CZrVebpLQm4jB2pe3CWoduQuiw5SMCUf/J4pVZk4mBUyqe5iJy9U49+EjSq0RLm3ZgChJg93CZqIBHVgW7t158UaOTA749QjiBZhmSBxM09De2g4Tp1fOCMsvcjHKmpNxHJLqCunabrRhcb6NqERkSc5KbN4ukjGWWkqZrrNlB9tb2c1/nGoyMVm0Sqq0XS1Yh8UsaqcsIvupcb6BkG9AkXdWXhmk/40hlm/4MF16KXw4iuQ7zC8hd2QCCW+MEvsqFNq9aZqUQJuenn+L1s4yyjBKR2ZyNR98vc7lMRBWJf5AUobQawJFGUeAmxW/+4ZE7U8HqK2i2auuBlB7b9ehYh/oDtlYayMEf/cnnIh0BBp1AoM91+2cVUEkdnCI+Q3Q5ClkPMIrbIkjKlY8tLKTGzn2B7aQxDOpdSjfDMEuehbt4yyGLxixnTMpJBJ7QyHhPcSBHO26LwZgnx03oY7BEWLYpmmUvk6dVGCYEUrvBmCyIb3KCgLIWgXyxgKydRrGHXU5jlGdYAgdoLvTRBkWZbUDNAb8JISH51CEdcjO2BVRmca2iGCaOI9Iyj8ayNmR+15yXwOoTHeEUEpaEXdSTVqdq59Bk6Qvu4RdESnhXiQGUFb+2hf/4uw18ksu91+UGYoKc3f6TL9fni2qJCPIFvvLNvj4yFKkxH0d24lqiQtamYp7L7DyUoJWRXLKxKeJn3tjEE7Jyj36V2eyyWrYEZQdL4xnQ1NohAtW5KzE4pDtxD1QDmtgPYlqbYkD4/3X+8fH/b90sOXr18eCsWKyg+PX+7vHx+LkW8FQRIfpEhQk6SFguaLcnKGg+2qIm7fCAIMxiuu2IYTBI6xL40ik6FUtZPxt4LKK7sgDkDIUmmb9C4VY73J+WiVw9aVXnVsRP764ea/dx+vru7efbt9z7+2PtwiCA2Pnz89Xz2/u3lit/Nwi8WPd5+EupJ1//3m093z4Oru7tvnn8JtHyRIMHEbyeps2zPYtL0Fv31nNaRYpbOqx8orEix0V+kHq6dMxqRdv8StvdaTJdqUUej1C9uSltPXY3qlvW2p+WA72GWLHLqxo/mStFN6xelsma1te0x7XByfSGjK48ywE6qYd2a6EeejX/LpoL8onDxl4v593WgMBlcUg+vG8490xFbj+vq68VuSPzeuyeXBoHGHlMgfsHpa99t92sftoNDH1XeuXlUmjrv+gpPQUoWZtUiHwG/FZCPKimTfhLHsSGaeyoJIkKefy4Eg6WW0y8UL+GuZxWcVZUmMHfMzOJK0Lm5+HlYjd4tVOPlkcGnrOHDSe54VfWwipM7u40MPz6lgM1y/e0gJouK+/dTglwaDH/efroWqz0yJ5E/lPu7uywRlc0l2szwt299NB1v0b2J2Z/xweYkgnbeLSzRwhnYcJhjpAe3Vnu9cCQSCQFcKF/kmtKuUmoXCEcRddPGe+GhcgGUPxqmPNjUYRfGo1CM4q10Nkj6XhHs1eH7ICbq6LlxOtYdXvWKS/NC4KmLw8X2JIG9B0d/mwwkEgkqYnkhQGdmeZLfy6pzapcXuBU0gqIxUh9ydbTYYHXK2mhvo8wI6A2oCEfdfvaa7e14EGZXmFQ/gPZWFezW4s3KCDqNxS/u43+2DsXwoUGXnkKsFzYb55wSlirqT1E9Bkyc76RaEv58g9t4JubxcECj7twLWsOrnNjCCpToDdZk39UxXjUvdjZtkaDsa9LBLROPHqQRd3T3STspaiH18OEJQ+rjSHkFvX0hQTOeWV32REVRFxOoAQVQRdpYLin1GTm4J6w+uhzFMVYg1NJhC447h9IWFF+Ym0fvxbp93A7KwI/jqMriTCwQNBkVDN8gNXYOZss/X5T6uruVDBHmZN7lH0BvnZQTNCAfVBg4ygvSKK/Z+gtp4yVhWXtrzMIKfcD+Hool6oUC3BfoWZnmsOlM0w9T5QrScZPdWwn8az59uf355/HnL/YXGo0jQ4N3nD4IbMLi7+fCN12SK8r7x8dPt0/3D+w93/MrPQwTFgbVDUBxNcz+pezpB8aqVG3RSNVegUO9P43yaMoI0GMct1XG70aTQLO9x5kU69zLIHk2PX9JVV+tn1+aV/Ljtkv8whdCAto9e2gTigq1sLwJDWwn5hWWF+/7w80v66TGjofEkEDT4RPTp94DzQ6zah8yp/k1byu/vU4E/3FyL1O03cekZsFzQ5FClz8VinkzQAn/Z5qLGSZ1vIrPfcHhChRFkm5n6+tyjGxYIarJpn5d4j2yNywxe4YFgzs8sP2CN8S7GtXhvXVi5sMR2eE8Fbx02K81wzE602upR/1iKNFuPGv8RCPpI+fvCFeor5fJjpl3lPqzMxN0eJghCv0AQ2+3lyY+TCWKzWMuKkdDHNh0Sv7i7w5JdUUSCmOOm5634cwipY5bdVRVB1jQdLg6E269gBd01bLFdB/39siQ286ijBpq6bu33Cx/uCb7c7RI0+MZ0Iyu+Y8W7XYJk2sf9r8FpBLGnlbigtaIsTyaITTons2ORsKBnDhFfkwSC5IDAiYUus1qpmenkrfiomGMWZDrgSRVYT5kCOYKXJsUgraCnQCuGqOy9CehXdWjhwtFIcbVLEBN0TtAvqYqg++/vsj4GlRq0cBk0NQ8UVUHQG+OFBDFz72RzNcqnfpLNxzJBwWLHaRYJShVPIGidfgq7Zk8XLFSmKkV5Mn7EwwYtd6zbMThjwPvrV0RAGcYVPX7571Wj7CUfIuimgqCHXx93+igRlKd6LB4pzuWdHdU/Jiid7iJB2Qzl87tIkOuVkv5Zl1BsJxBU7WRDfChSFeNhrQmqC/OA5BM2nfznd3fwCrklip8fd2OYPyXo/rkiZtpLUPZGB/bA3/+XoPZ+gvhR5wJBwU6CJesy+3wyQYdyPbZgyGaGChiELlRQ1pDkewzTObRjmGHNeAzzGZeJiPtBBT9/SNBDFceHCOKTSzs/QW4lPy8haHswod0Uasb2dGR3wIwg6ojneFCXhiHEU9QbFFD6ZVLoxsqc4sE1AY9h/oig742qPg4QxL/8M4K4BE8kaJ55u3zONnff7vFSgpLu4T16BX02umsBJE/RjjE4kz2yuRrw9a+XwDyCGUpDRdeB5GIX68Wi+ELGzK++vvn5nqDCiztK0MNz+vHTE+3jW6UXJxLEN4T+jCC+7B4hKAt7eNaEz1nBYY7XXYRW5cXtElRITUyUqGMeOzAtb0imzvZd0yO+GbSkNlgJGMnYyJYgRYVZbwRRC5ImjWFpithNw48U71OxP1sFFv6MoKzRQ+HKfoLybOWpBK2Lcj5CEP/N1Gm1hD12O/uYZjIz7/wwQfy8YWy6rn3KaXak1JOzUasS9KzZ1hhPHPBc3m0MLbzD5hi6HYjVVOP9pOAb/ocJd/CtUHwZQVfswtdGJUH8kKTfy32X5mGCMu+WDT3g+bAjBPE+0kAoN1BCRMMGw1eKwwTxS6N83ZEPmrgOS05I1Fw0HdAM6AUQOdDPftJcQKLRp090Y0wPMNppfXEV+pExQrIF1tPHl6xBXIOeSB+ZlSwTNBunEHxcchbuEEG5pJNuICweRwjK8z4wbTqmEPM0c+2l01Tjc+UIQfm+YMdxXcPRVsnBc0iWx/UXjajTBV+DpgaqCWrarYKmTpsS1xuMDrQ0bmM6MBP2arPpfvXx8/fbXzwV/TINuvr9/cPNYI+TUIXWrqALBFW8iuMUgvZlugsmDpR+JORcjhAk7iFNJswuhgeiIHtUIEgFXwWnA1ofAvbs/dKfQoR20NFhIY/AVyBJVxmnEAvJ3EEeNIQthT8j6B3Po4obricQ5B8hSN5WtztGkFvdjIjaqt43OEZQJecHnn0j86BIUG9mDMHVwWY755oJc38DPQ1iGR23QGClkPCxPgtHDHK8zM0u4jhBdFk6RNC+1scI2udLE1HviTmPEeRXZB8OPL5DdL/FCULFsXsTez7Cgk0tboQq5iwgtkJwfJjg922+pC0y94LivirG/NNA9eqEQHXf/R0kSKraaD6BIGuP6qGo/U3llWMEFQLPFMWQsgDil6diRicBgxs3SuR2IrVndC/EszEkCmDjLlBbpiQTJOz9abAU/Y8fBeFev3sBQdLXQirh+u75BIIm6dbHYYLcIkPpbtdRgiS7atc03ecp6kJ7fBpBUrO4jUOw398mBCnscg+IN21MExkpG43pcQl3jTEP+tMuJHITpsSlSLjBXGf+XIr3+cJx3fj+8LsxGAwYQQOKRkZQWkyz2c/XrHhHCvd5rnTQuHn43uDt9hA05sfUsqB1VElQ8TDN1GaLtSIQlLZzMn8sdW7lwqLhTQVRFw5I6+6Cd5l9t5vNpvDL564O/BkTQlDMxGzi3XrQnOoSDN3xhmhiV0XjFsEKLZshwchimY4sEJmVCJKsH9+u6D7Bx9t7SXq8QXz7il9/u6H49ZNV+5UWn1jxNi1+Z8Wnm49sr+GGHG78Ta78IN8HnlJGq78W/MheWiE9dGjorOjxrRsz23yeEp3rYHWPmAM1bTdk7fxW2o5HeUZ2bnOsm9K0IGpVSTlSsLZNWnrE3k7TLtJcCx86z4kaC75V0vYW3QOP9xKCJuwuXeqWdFpbiURCgLSv8D+3CVv0Dta4XGp2WxwdUbFyiCU/Pj49PaWnry2EnH3IPudFPqpy8eHx59PTPTuaLVyRd1D8bSv91iqVhRquoaqqkz7uzOsebSf5hqaqJmmY7qSPs0yx7BqmqjZdmbes6qJiwDZtqDqGfzidYAgKRnVZGaKJU2nKKF7PwLSX4Ado51RcfLKXXrE3EfjDsXbxt1ecG6lXd76n+Gi4lWqeT1RoQtYgldqyMfGPPAjcZWw7EAuJPrZ+anCuUb4aZKvJ/JQs2j8Cm6hsZm3JRsJsPHJBTVdkBUekSnNwrfbG9YWnVGl17eA+01+D1SKzZwH3F1Zn+3XyUoQ8F8SOgTlgqgI/OgT2BFwJ9Yt7/tSz1Q5FwH8NqDGZzIe6eELjjDOTPhuUFQzqiqrQp6Z26Ws4VVZgYpSqyTrZ+cs2SGho6Mx2tr1PhPWytWtPsxf2JuCQwarKJSRnXHuJNz3jEyI9K67TnKvbxehUBxVjPJNG1LgydpmdY/7jVnw9gq32++ppz++anlKeglrv+LP8ruJV9q9XbRlrvbV6ihh19K7VcP8xP7vqaNNZLUcbxFwQi3QmLXI2eQ2KoYCqjcB0SC1qiu1pruJbYU/VmFSqvlPxxKgKs7hccXjk0VJZscns2Un79gMSFla8I7p14hvSSEq+f+A97VWPN5z3KVhi42KrUKRQI1C0NqxRmZSIrzsSfaCVvdbcbQtJPg+SpkNnVhY70tkeTvMq2fRXWL61oA1R1Um7tAZhZUEeoiu8FpVyZRLld8QXk2UfjfWM3lVlJt/O/4WNK/mBnbe0pILJ6+3y4503uKDxqbCYZCkVDJFj9h/Fhqt1lEWqgaB5zSyfpFKFNCAOCaXEBTF6MEQ/hCRCiEmkmf+EToSI5DCn1GAQglrgkews6b4HW2r8Tea4OGRHtDcn28tEYOj6E39qSDdXplivG2HBxyEEONyIyc8Z40oR0dFYMPMd7LEDCqxM0MnxJXreoEUI8g3iJpGWc6tDhzAVtm1LL1iBC/xVBCK5iWDFK9PoE26Tejw3tBZ4NdOFM4CkNwHHbcMkxHoKxlU2SrfdCzDuHZH9e6s3gm0ngFlngvKfk8cTJEZQRA92ueQ0CrKmwRxryl0I1SF595beXLcBhTl25uC5ZqszAkedgadqE+himCab4NmTWcfLHr0aJziqSX+MBhBDawd9Uhz6hIR4yRJ/rTvttHEqoAbZWwzEPVh1euTe4xmMYxhlNzYtHq6abS8QWhAlCYVyRVoyf0hlneubLZh+MzWTLWhp6Pe57bHswAwVq0UoVcgBmb6mM5XzUC4kedRFuczTzhhBJqqcG8DIbm/kFiy0LZgmLHsGeczAIulQG2nD9cpElyRKsGlMTBy2szww+iTZ7pFjE7RHZxxbLXrQqZ8TpJORTvAOFck2+zFOBWLiyEBiUFQZK3dweBquTLlpbPamaS4ubqlnyyCIaG7DsPDDXTE1v5xPhaNBHajevdBSE7eFZRhOuu4ytN3ZDL+mBPUJc+EknKxZHQ0JCiSXEsTMJSOoi8I3pJA4+higTbCBKU3RyARIkE0I8mVcAMlf1xuB0qYEBZQg/I1okiB9+OshO2bozIgCO0hGhATZjCCNEDRHPdfRuCohThhCkIkDcbYz2FqkhoI/VdjNlyzZprjcny2NlWLZbna7/Sjqq12tWXgxAFWuqoPeGMqi7feJoC3LtXKC9JQgwoBspyQSgvqojK0SQSYqmoH1l0jfCqVHz7vYEWjGkmmQL4XbRc8laxxWV1HKKUEythniz3m2leYkidFFXcarCwlGrlsiyIcxzjZCkE8JQuscgk9qeDsEXRy9Ux17ujwNKy+x7ZemixZ8PPLd0cR2AeievrkmBBkki8RSRIQgl/ytcJRunBI0xDrDlCDsI6Fux3g2xrHFpN6c7H4hQS6Eww4yhM3HSBCuTVuZEETcEZc+GD+iTndAV/OA/ArKekoSix67TxW5DZCtDbQ3aNAwOmgSE5csl9RJSAmC10SQPznRsadB9b4jKI6eJLiCOtsknNr+Vpf92MP5Grcdc0ksW1NJEqaoUYgibHrhHB33VsIW3R7WWYRNqb90JavfpkelvCRpSd0wjDVLMrwQVaxtWzPyaKZOmicYn/rDycrqTVDuzVBHHXOHSUIfkXfaCXl5dHceKgF5F0WYJKqkjnA2aOFQcpZ9KcDu5zhefekEbew7DHWX1hiObCmMX9Mrs9YHNvQEpJu/l02Q9uiBp+Tvf/OyiNP+nJbDIoIL/xmaNbS9sPrxsb8WzZNCrx6LWF+aHv2nIHfmsV75ONrfi+EJFi5IU4ZvTDSvAnZ8lCBjytRnfJa3x9Yowji85DbNTpaO0t/W0vxa4GTn4qrB96sm5ps7IfI64OyJPFOk58A2J+7F1fjH4UeHlqAuOR8XR2/h8MH/JnrgO0699rxeKK3jdWpcDs7FI9MaB6EceDCixuXRhNrCvWbYSdWBphqvBq0znkGu8edYVxwUrPF6YJzlL5/VeDHkdud4pRoXRG3fatSoUaNGjRo1atSoUaNGjRo1Xjn+D0j/uJvMz/R4AAAAAElFTkSuQmCC",amaBhungane.jpg
amandla.mobi,https://media-exp1.licdn.com/dms/image/C560BAQHGKNBdXs50oA/company-logo_200_200/0?e=1608163200&v=beta&t=i-MjGf77ab7LoQs4PRUbPm8jjjMC3Cl9Es3mppI1UZc,amandla_mobi.jpg
ccHub Growth Capital,https://media-exp1.licdn.com/dms/image/C4D0BAQFhnOT_miKtqg/company-logo_200_200/0?e=1608163200&v=beta&t=iqAmbvWeeJ_ljq_8hDrZEMVNLlcViJaFBdAPoEY_lrQ,ccHub_Growth_Capital.jpg
ePanstwo Foundation (ePF),https://media-exp1.licdn.com/dms/image/C510BAQEs_W0CMNizlw/company-logo_200_200/0?e=1608163200&v=beta&t=I3jmynpUZakkYoAJ8Zl0P7iK-w8OVRhkvap2InOf3Uc,ePanstwo_Foundation_(ePF).jpg
openDemocracy,https://media-exp1.licdn.com/dms/image/C4E0BAQETlZWHinCK3g/company-logo_200_200/0?e=1608163200&v=beta&t=_80NyW40Ht6H5Fu4yNb8FLGVGxW7JMFYBiMpgWFQk0E,openDemocracy.jpg